Show,Cell,Episode,SweepWindow,Drug,DrugTime,WCTime,StimDescription,path,drug_level,has_hyperpolarizing,hyper_start_ms,hyper_end_ms,hyper_amp,depol_start_ms,depol_end_ms,depol_amp,depol_source,after_step_ms,stim_source,voltage_channel,n_spikes_post,first_spike_ms,last_spike_ms,persist_span_ms
1,Neocortex A.01Mar16,S1.E15,50000,ML297+CCh+1/2uM NS309,608.8359375,682.359375,"DAC0: PulseB 500 [1000,3000];",/Volumes/Assets/Edward/Data/Traces/2016/03.March/Data 1 Mar 2016/Neocortex A.01Mar16.S1.E15.dat,1,False,,,,1000.0,3000.0,500.0,pulseB,47000.0,StimulusA,A,132,3734.3000109419227,49762.10069680959,46762.10069680959
1,Neocortex A.06Jul18,S1.E8,50000,2uM CCh + 2/3uM ML297,844.53125,1185.0,"DAC0: PulseA -50 [200,1000];PulseB 200 [2000,4000];",/Volumes/Assets/Edward/Data/Traces/2018/07.July/Data 6 Jul 2018/Neocortex A.06Jul18.S1.E8.dat,1,True,200.0,1000.0,-50.0,2000.0,4000.0,200.0,pulseB,46000.0,StimulusA,A,257,4255.600003808737,49948.900684691966,45948.900684691966
1,Neocortex A.06Jul18,S1.E10,50000,2uM CCh + 2/3uM ML297,1062.04296875,1402.51171875,"DAC0: PulseA -50 [200,1000];PulseB 200 [2000,4000];",/Volumes/Assets/Edward/Data/Traces/2018/07.July/Data 6 Jul 2018/Neocortex A.06Jul18.S1.E10.dat,1,True,200.0,1000.0,-50.0,2000.0,4000.0,200.0,pulseB,46000.0,StimulusA,A,217,4355.900005303323,49979.40068514645,45979.40068514645
1,Neocortex A.06Jul18,S1.E13,50000,2uM CCh + 2/3uM ML297,1364.23046875,1704.69921875,"DAC0: PulseA -50 [200,1000];PulseB 200 [2000,4000];",/Volumes/Assets/Edward/Data/Traces/2018/07.July/Data 6 Jul 2018/Neocortex A.06Jul18.S1.E13.dat,1,True,200.0,1000.0,-50.0,2000.0,4000.0,200.0,pulseB,46000.0,StimulusA,A,327,4209.600003123283,49954.10068476945,45954.10068476945
1,Neocortex A.06Jul18,S1.E15,50000,2uM CCh + 2/3uM ML297,1587.78125,1928.25,"DAC0: PulseA -50 [200,1000];PulseB 200 [2000,4000];",/Volumes/Assets/Edward/Data/Traces/2018/07.July/Data 6 Jul 2018/Neocortex A.06Jul18.S1.E15.dat,1,True,200.0,1000.0,-50.0,2000.0,4000.0,200.0,pulseB,46000.0,StimulusA,A,291,4293.300004370511,49959.00068484247,45959.00068484247
1,Neocortex A.06Jul18,S1.E20,50000,2uM CCh + 2/3uM ML297,2092.19140625,2432.66015625,"DAC0: PulseA -50 [200,1000];PulseB 200 [2000,4000];",/Volumes/Assets/Edward/Data/Traces/2018/07.July/Data 6 Jul 2018/Neocortex A.06Jul18.S1.E20.dat,1,True,200.0,1000.0,-50.0,2000.0,4000.0,200.0,pulseB,46000.0,StimulusA,A,356,4285.000004246831,49933.60068446398,45933.60068446398
1,Neocortex A.06Jul18,S1.E21,50000,2uM CCh + 2/3uM ML297,2187.48046875,2527.94921875,"DAC0: PulseA -50 [200,1000];PulseB 200 [2000,4000];",/Volumes/Assets/Edward/Data/Traces/2018/07.July/Data 6 Jul 2018/Neocortex A.06Jul18.S1.E21.dat,1,True,200.0,1000.0,-50.0,2000.0,4000.0,200.0,pulseB,46000.0,StimulusA,A,261,4403.700006015599,49849.20068320632,45849.20068320632
1,Neocortex A.06Jul18,S1.E24,50000,2uM CCh + 2/3uM ML297,2500.96484375,2841.43359375,"DAC0: PulseA -50 [200,1000];PulseB 200 [2000,4000];",/Volumes/Assets/Edward/Data/Traces/2018/07.July/Data 6 Jul 2018/Neocortex A.06Jul18.S1.E24.dat,1,True,200.0,1000.0,-50.0,2000.0,4000.0,200.0,pulseB,46000.0,StimulusA,A,427,4206.200003072619,49960.10068485886,45960.10068485886
1,Neocortex A.07Mar19,S1.E10,25000,2uM CCh + 2/3uM ML297,674.23828125,861.78125,"DAC0: PulseA -50 [200,1000];PulseB 300 [2000,4000];",/Volumes/Assets/Edward/Data/Traces/2019/03.March/Data 7 Mar 2019/Neocortex A.07Mar19.S1.E10.dat,1,True,200.0,1000.0,-50.0,2000.0,4000.0,300.0,pulseB,21000.0,StimulusA,A,73,4735.500010959804,24974.100312538445,20974.100312538445
1,Neocortex A.07Mar19,S1.E21,25000,2uM CCh + 2/3uM ML297,1651.61328125,1839.15625,"DAC0: PulseA -50 [200,1000];PulseB 300 [2000,4000];",/Volumes/Assets/Edward/Data/Traces/2019/03.March/Data 7 Mar 2019/Neocortex A.07Mar19.S1.E21.dat,1,True,200.0,1000.0,-50.0,2000.0,4000.0,300.0,pulseB,21000.0,StimulusA,A,96,4559.100008331239,24834.800310462713,20834.800310462713
1,Neocortex A.07Mar19,S1.E22,25000,2uM CCh + 2/3uM ML297,1746.3203125,1933.86328125,"DAC0: PulseA -50 [200,1000];PulseB 300 [2000,4000];  2ms delay",/Volumes/Assets/Edward/Data/Traces/2019/03.March/Data 7 Mar 2019/Neocortex A.07Mar19.S1.E22.dat,1,True,200.0,1000.0,-50.0,2000.0,4000.0,300.0,pulseB,21000.0,StimulusA,A,93,4656.100009776652,24845.100310616195,20845.100310616195
1,Neocortex A.07Oct16,S1.E9,30000,2uM CCh,261.16796875,442.0390625,"DAC0: PulseB 200 [1000,3000];",/Volumes/Assets/Edward/Data/Traces/2016/10.October/Data 7 Oct 2016/Neocortex A.07Oct16.S1.E9.dat,1,False,,,,1000.0,3000.0,200.0,pulseB,27000.0,StimulusA,A,145,3520.200007751584,29921.20040115714,26921.20040115714
1,Neocortex A.07Oct16,S1.E10,30000,2uM CCh,314.171875,495.04296875,"DAC0: PulseB 200 [1000,3000];",/Volumes/Assets/Edward/Data/Traces/2016/10.October/Data 7 Oct 2016/Neocortex A.07Oct16.S1.E10.dat,1,False,,,,1000.0,3000.0,200.0,pulseB,27000.0,StimulusA,A,140,3347.000005170703,29847.400400057435,26847.400400057435
1,Neocortex A.07Oct16,S1.E11,30000,2uM CCh,492.53515625,673.40625,"DAC0: PulseB 200 [1000,3000];",/Volumes/Assets/Edward/Data/Traces/2016/10.October/Data 7 Oct 2016/Neocortex A.07Oct16.S1.E11.dat,1,False,,,,1000.0,3000.0,200.0,pulseB,27000.0,StimulusA,A,194,3279.4000041633844,29934.800401359797,26934.800401359797
1,Neocortex A.08Jan19,S1.E7,25000,2uM CCh + 2/3uM ML297,705.09765625,783.3984375,"DAC0: PulseA -50 [200,1000];PulseB 300 [2000,4000];",/Volumes/Assets/Edward/Data/Traces/2019/01.January/Data 8 Jan 2019/Neocortex A.08Jan19.S1.E7.dat,1,True,200.0,1000.0,-50.0,2000.0,4000.0,300.0,pulseB,21000.0,StimulusA,A,186,4310.800004631281,24941.400312051177,20941.400312051177
1,Neocortex A.08Jan19,S1.E11,25000,2uM CCh + 2/3uM ML297,1229.98046875,1308.28125,"DAC0: PulseA -50 [200,1000];PulseB 300 [2000,4000]; TTL1: Puff 20800.0ms",/Volumes/Assets/Edward/Data/Traces/2019/01.January/Data 8 Jan 2019/Neocortex A.08Jan19.S1.E11.dat,1,True,200.0,1000.0,-50.0,2000.0,4000.0,300.0,pulseB,21000.0,StimulusA,A,187,4279.700004167855,24903.500311486423,20903.500311486423
1,Neocortex A.09Jul18,S1.E6,50000,2uM CCh + 2/3uM ML297,769.76171875,1161.171875,"DAC0: PulseA -50 [200,1000];PulseB 300 [2000,4000];",/Volumes/Assets/Edward/Data/Traces/2018/07.July/Data 9 Jul 2018/Neocortex A.09Jul18.S1.E6.dat,1,True,200.0,1000.0,-50.0,2000.0,4000.0,300.0,pulseB,46000.0,StimulusA,A,157,4420.100006259978,49951.00068472326,45951.00068472326
1,Neocortex A.09Jul18,S1.E9,50000,2uM CCh + 2/3uM ML297,1087.703125,1479.11328125,"DAC0: PulseA -50 [200,1000];PulseB 300 [2000,4000];",/Volumes/Assets/Edward/Data/Traces/2018/07.July/Data 9 Jul 2018/Neocortex A.09Jul18.S1.E9.dat,1,True,200.0,1000.0,-50.0,2000.0,4000.0,300.0,pulseB,46000.0,StimulusA,A,183,4395.500005893409,49832.200682953,45832.200682953
1,Neocortex A.09Jul18,S1.E10,50000,2uM CCh + 2/3uM ML297,1194.7734375,1586.18359375,"DAC0: PulseA -50 [200,1000];PulseB 300 [2000,4000];",/Volumes/Assets/Edward/Data/Traces/2018/07.July/Data 9 Jul 2018/Neocortex A.09Jul18.S1.E10.dat,1,True,200.0,1000.0,-50.0,2000.0,4000.0,300.0,pulseB,46000.0,StimulusA,A,114,4418.500006236136,37193.400494620204,33193.400494620204
1,Neocortex A.11Feb16,S1.E14,50000,,435.2890625,539.890625,"DAC0: PulseB 200 [1000,3000];",/Volumes/Assets/Edward/Data/Traces/2016/02.February/Data 11 Feb 2016/Neocortex A.11Feb16.S1.E14.dat,1,False,,,,1000.0,3000.0,200.0,pulseB,47000.0,StimulusA,A,171,3845.4000125974417,49862.50069830567,46862.50069830567
1,Neocortex A.11Feb16,S1.E15,50000,,644.7734375,749.375,"DAC0: PulseB 200 [1000,3000];",/Volumes/Assets/Edward/Data/Traces/2016/02.February/Data 11 Feb 2016/Neocortex A.11Feb16.S1.E15.dat,1,False,,,,1000.0,3000.0,200.0,pulseB,47000.0,StimulusA,A,124,3521.000007763505,49793.300697274506,46793.300697274506
1,Neocortex A.11Feb16,S1.E16,50000,,820.52734375,925.12890625,"DAC0: PulseB 200 [1000,3000];",/Volumes/Assets/Edward/Data/Traces/2016/02.February/Data 11 Feb 2016/Neocortex A.11Feb16.S1.E16.dat,1,False,,,,1000.0,3000.0,200.0,pulseB,47000.0,StimulusA,A,148,3363.8000054210424,49823.20069772005,46823.20069772005
1,Neocortex A.13Jul18,S1.E10,50000,2uM CCh + 2/3uM ML297,1363.2734375,1714.01171875,"DAC0: PulseA -50 [200,1000];PulseB 300 [4000,6000];",/Volumes/Assets/Edward/Data/Traces/2018/07.July/Data 13 Jul 2018/Neocortex A.13Jul18.S1.E10.dat,1,True,200.0,1000.0,-50.0,4000.0,6000.0,300.0,pulseB,44000.0,StimulusA,A,320,6848.400012642145,49917.100654415786,43917.100654415786
1,Neocortex A.14Jan19,S1.E9,30000,2uM CCh + 2/3uM ML297,1098.73046875,1209.7578125,"DAC0: PulseA -50 [200,1000];PulseB 200 [2000,4000];",/Volumes/Assets/Edward/Data/Traces/2019/01.January/Data 14 Jan 2019/Neocortex A.14Jan19.S1.E9.dat,1,True,200.0,1000.0,-50.0,2000.0,4000.0,200.0,pulseB,26000.0,StimulusA,A,70,4493.0000073462725,29618.300381742418,25618.300381742418
1,Neocortex A.14Jan19,S1.E10,30000,2uM CCh + 2/3uM ML297,1434.453125,1545.48046875,"DAC0: PulseA -50 [200,1000];PulseB 200 [2000,4000];",/Volumes/Assets/Edward/Data/Traces/2019/01.January/Data 14 Jan 2019/Neocortex A.14Jan19.S1.E10.dat,1,True,200.0,1000.0,-50.0,2000.0,4000.0,200.0,pulseB,26000.0,StimulusA,A,80,4457.400006815791,29860.60038535297,25860.60038535297
1,Neocortex A.14Jan19,S1.E11,30000,2uM CCh + 2/3uM ML297,1541.07421875,1652.1015625,"DAC0: PulseA -50 [200,1000];PulseB 150 [2000,4000];",/Volumes/Assets/Edward/Data/Traces/2019/01.January/Data 14 Jan 2019/Neocortex A.14Jan19.S1.E11.dat,1,True,200.0,1000.0,-50.0,2000.0,4000.0,150.0,pulseB,26000.0,StimulusA,A,68,4371.100005529821,29699.500382952392,25699.500382952392
1,Neocortex A.14Jan19,S1.E12,30000,2uM CCh + 2/3uM ML297,1719.68359375,1830.7109375,"DAC0: PulseA -50 [200,1000];PulseB 150 [2000,4000];",/Volumes/Assets/Edward/Data/Traces/2019/01.January/Data 14 Jan 2019/Neocortex A.14Jan19.S1.E12.dat,1,True,200.0,1000.0,-50.0,2000.0,4000.0,150.0,pulseB,26000.0,StimulusA,A,87,4324.300004832447,29980.7003871426,25980.7003871426
1,Neocortex A.15Mar16,S1.E9,50000,ML297+CCh,1026.515625,1128.796875,"DAC0: PulseB 200 [1000,3000];",/Volumes/Assets/Edward/Data/Traces/2016/03.March/Data 15 Mar 2016/Neocortex A.15Mar16.S1.E9.dat,1,False,,,,1000.0,3000.0,200.0,pulseB,47000.0,StimulusA,A,314,3213.500003181398,49984.30070012063,46984.30070012063
1,Neocortex A.15Mar16,S1.E10,50000,ML297+CCh,1275.87890625,1378.16015625,"DAC0: PulseB 300 [1000,3000];",/Volumes/Assets/Edward/Data/Traces/2016/03.March/Data 15 Mar 2016/Neocortex A.15Mar16.S1.E10.dat,1,False,,,,1000.0,3000.0,300.0,pulseB,47000.0,StimulusA,A,181,3001.000000014901,49845.000698044896,46845.000698044896
1,Neocortex A.15Mar16,S1.E11,50000,ML297+CCh,1407.87890625,1510.16015625,"DAC0: PulseB 300 [1000,3000];",/Volumes/Assets/Edward/Data/Traces/2016/03.March/Data 15 Mar 2016/Neocortex A.15Mar16.S1.E11.dat,1,False,,,,1000.0,3000.0,300.0,pulseB,47000.0,StimulusA,A,249,3263.8000039309263,49829.00069780648,46829.00069780648
1,Neocortex A.16Mar16,S1.E9,50000,ML297+CCh,1127.90625,1252.67578125,"DAC0: PulseB 300 [1000,3000];",/Volumes/Assets/Edward/Data/Traces/2016/03.March/Data 16 Mar 2016/Neocortex A.16Mar16.S1.E9.dat,1,False,,,,1000.0,3000.0,300.0,pulseB,47000.0,StimulusA,A,114,3665.700009919703,49690.100695736706,46690.100695736706
1,Neocortex A.18Mar16,S1.E10,50000,ML297+CCh,847.9140625,958.26953125,"DAC0: PulseB 300 [1000,3000];",/Volumes/Assets/Edward/Data/Traces/2016/03.March/Data 18 Mar 2016/Neocortex A.18Mar16.S1.E10.dat,1,False,,,,1000.0,3000.0,300.0,pulseB,47000.0,StimulusA,A,223,3418.3000062331557,49905.60069894791,46905.60069894791
1,Neocortex A.18Mar16,S1.E11,50000,ML297+CCh,1009.9453125,1120.30078125,"DAC0: PulseB 300 [1000,3000];",/Volumes/Assets/Edward/Data/Traces/2016/03.March/Data 18 Mar 2016/Neocortex A.18Mar16.S1.E11.dat,1,False,,,,1000.0,3000.0,300.0,pulseB,47000.0,StimulusA,A,150,3632.6000094264746,49915.60069909692,46915.60069909692
1,Neocortex A.18Mar16,S1.E12,50000,ML297+CCh,1196.5703125,1306.92578125,"DAC0: PulseB 300 [1000,3000];",/Volumes/Assets/Edward/Data/Traces/2016/03.March/Data 18 Mar 2016/Neocortex A.18Mar16.S1.E12.dat,1,False,,,,1000.0,3000.0,300.0,pulseB,47000.0,StimulusA,A,175,3000.10000000149,49839.20069795847,46839.20069795847
1,Neocortex A.25Sep15,S1.E14,40000,ML297+CCh,2709.78125,2838.82421875,"DAC0: PulseB 200 [1000,3000];",/Volumes/Assets/Edward/Data/Traces/2015/09.September/Data 25 Sep 2015/Neocortex A.25Sep15.S1.E14.dat,1,False,,,,1000.0,3000.0,200.0,pulseB,37000.0,StimulusA,A,209,3002.2000000327826,39851.60054913163,36851.60054913163
1,Neocortex A.25Sep15,S1.E16,40000,ML297+CCh,3107.7734375,3236.81640625,"DAC0: PulseB 200 [1000,3000];",/Volumes/Assets/Edward/Data/Traces/2015/09.September/Data 25 Sep 2015/Neocortex A.25Sep15.S1.E16.dat,1,False,,,,1000.0,3000.0,200.0,pulseB,37000.0,StimulusA,A,163,3630.8000093996525,39834.60054887831,36834.60054887831
1,Neocortex A.25Sep15,S1.E18,40000,ML297+CCh,3380.5625,3509.60546875,"DAC0: PulseB 200 [1000,3000];",/Volumes/Assets/Edward/Data/Traces/2015/09.September/Data 25 Sep 2015/Neocortex A.25Sep15.S1.E18.dat,1,False,,,,1000.0,3000.0,200.0,pulseB,37000.0,StimulusA,A,181,3655.8000097721815,39933.60055035353,36933.60055035353
1,Neocortex A.25Sep15,S1.E22,40000,ML297+CCh,3777.15234375,3906.1953125,"DAC0: PulseB 200 [1000,3000];",/Volumes/Assets/Edward/Data/Traces/2015/09.September/Data 25 Sep 2015/Neocortex A.25Sep15.S1.E22.dat,1,False,,,,1000.0,3000.0,200.0,pulseB,37000.0,StimulusA,A,197,3597.500008903444,39906.300549946725,36906.300549946725
1,Neocortex A.25Sep15,S1.E24,40000,ML297+CCh,3999.09375,4128.13671875,"DAC0: PulseB 200 [1000,3000];",/Volumes/Assets/Edward/Data/Traces/2015/09.September/Data 25 Sep 2015/Neocortex A.25Sep15.S1.E24.dat,1,False,,,,1000.0,3000.0,200.0,pulseB,37000.0,StimulusA,A,186,3478.3000071272254,39071.9005375132,36071.9005375132
1,Neocortex A.29Feb16,S1.E14,50000,,1682.421875,1801.171875,"DAC0: PulseB 300 [1000,3000];",/Volumes/Assets/Edward/Data/Traces/2016/02.February/Data 29 Feb 2016/Neocortex A.29Feb16.S1.E14.dat,1,False,,,,1000.0,3000.0,300.0,pulseB,47000.0,StimulusA,A,107,3845.600012600422,49765.900696866214,46765.900696866214
1,Neocortex A.29Feb16,S1.E15,50000,,1832.04296875,1950.79296875,"DAC0: PulseB 300 [1000,3000];",/Volumes/Assets/Edward/Data/Traces/2016/02.February/Data 29 Feb 2016/Neocortex A.29Feb16.S1.E15.dat,1,False,,,,1000.0,3000.0,300.0,pulseB,47000.0,StimulusA,A,98,3691.600010305643,49813.20069757104,46813.20069757104
1,Neocortex A.29Nov18,S65.E57,25000,2uM CCh + 2/3uM ML297,974.58984375,4754.484375,"DAC0: PulseA -50 [200,1000];PulseB 200 [2000,4000];",/Volumes/Assets/Edward/Data/Traces/2018/11.November/Data 29 Nov 2018/Neocortex A.29Nov18.S65.E57.dat,1,True,200.0,1000.0,-50.0,2000.0,4000.0,200.0,pulseB,21000.0,StimulusA,A,97,4730.200010880828,24903.900311492383,20903.900311492383
1,Neocortex A.29Nov18,S65.E61,25000,2uM CCh + 2/3uM ML297,1600.2421875,5380.13671875,"DAC0: PulseA -50 [200,1000];PulseB 200 [2000,4000]; TTL1: Puff 20900.0ms",/Volumes/Assets/Edward/Data/Traces/2018/11.November/Data 29 Nov 2018/Neocortex A.29Nov18.S65.E61.dat,1,True,200.0,1000.0,-50.0,2000.0,4000.0,200.0,pulseB,21000.0,StimulusA,A,120,4532.300007931888,24894.000311344862,20894.000311344862
1,Neocortex A.29Nov18,S65.E69,25000,2uM CCh + 2/3uM ML297,2771.29296875,6551.1875,"DAC0: PulseA -50 [200,1000];PulseB 200 [2000,4000]; TTL1: Puff 20900.0ms",/Volumes/Assets/Edward/Data/Traces/2018/11.November/Data 29 Nov 2018/Neocortex A.29Nov18.S65.E69.dat,1,True,200.0,1000.0,-50.0,2000.0,4000.0,200.0,pulseB,21000.0,StimulusA,A,120,4442.2000065892935,24897.700311399996,20897.700311399996
1,Neocortex A.29Nov18,S65.E71,25000,2uM CCh + 2/3uM ML297,3125.29296875,6905.1875,"DAC0: PulseA -50 [200,1000];PulseB 200 [2000,4000]; TTL1: Puff 20900.0ms",/Volumes/Assets/Edward/Data/Traces/2018/11.November/Data 29 Nov 2018/Neocortex A.29Nov18.S65.E71.dat,1,True,200.0,1000.0,-50.0,2000.0,4000.0,200.0,pulseB,21000.0,StimulusA,A,116,4488.100007273257,24930.300311885774,20930.300311885774
1,Neocortex B.01Mar16,S1.E18,20000,ML297+CCh+1/2uM NS309,1817.52734375,1884.1796875,"DAC0: PulseB 500 [1000,3000];",/Volumes/Assets/Edward/Data/Traces/2016/03.March/Data 1 Mar 2016/Neocortex B.01Mar16.S1.E18.dat,1,False,,,,1000.0,3000.0,500.0,pulseB,17000.0,StimulusA,A,99,3597.2000088989735,19938.80025240779,16938.80025240779
1,Neocortex B.01Mar16,S1.E19,20000,ML297+CCh+1/2uM NS309,2317.15625,2383.80859375,"DAC0: PulseB 500 [1000,3000];",/Volumes/Assets/Edward/Data/Traces/2016/03.March/Data 1 Mar 2016/Neocortex B.01Mar16.S1.E19.dat,1,False,,,,1000.0,3000.0,500.0,pulseB,17000.0,StimulusA,A,93,3660.0000098347664,19935.900252364576,16935.900252364576
1,Neocortex B.01Mar16,S1.E20,20000,ML297+CCh+1/2uM NS309,2606.0546875,2672.70703125,"DAC0: PulseB 500 [1000,3000];",/Volumes/Assets/Edward/Data/Traces/2016/03.March/Data 1 Mar 2016/Neocortex B.01Mar16.S1.E20.dat,1,False,,,,1000.0,3000.0,500.0,pulseB,17000.0,StimulusA,A,85,3638.5000095143914,19828.00025075674,16828.00025075674
1,Neocortex B.01Mar16,S1.E21,50000,ML297+CCh+1/2uM NS309,2733.27734375,2799.9296875,"DAC0: PulseB 500 [1000,3000];",/Volumes/Assets/Edward/Data/Traces/2016/03.March/Data 1 Mar 2016/Neocortex B.01Mar16.S1.E21.dat,1,False,,,,1000.0,3000.0,500.0,pulseB,47000.0,StimulusA,A,216,3681.8000101596117,49807.70069748908,46807.70069748908
1,Neocortex B.02Mar16,S1.E18,50000,ML297+CCh+1/2uM NS309,1702.5078125,1829.08203125,"DAC0: PulseB 500 [1000,3000];",/Volumes/Assets/Edward/Data/Traces/2016/03.March/Data 2 Mar 2016/Neocortex B.02Mar16.S1.E18.dat,1,False,,,,1000.0,3000.0,500.0,pulseB,47000.0,StimulusA,A,240,3640.900009550154,49789.60069721937,46789.60069721937
1,Neocortex B.02Mar16,S1.E19,50000,ML297+CCh+1/2uM NS309,2319.14453125,2445.71875,"DAC0: PulseB 500 [1000,3000];",/Volumes/Assets/Edward/Data/Traces/2016/03.March/Data 2 Mar 2016/Neocortex B.02Mar16.S1.E19.dat,1,False,,,,1000.0,3000.0,500.0,pulseB,47000.0,StimulusA,A,179,3820.1000122204423,49809.000697508454,46809.000697508454
1,Neocortex B.02Mar16,S1.E20,50000,ML297+CCh+1/2uM NS309,2506.20703125,2632.78125,"DAC0: PulseB 200 [1000,3000];",/Volumes/Assets/Edward/Data/Traces/2016/03.March/Data 2 Mar 2016/Neocortex B.02Mar16.S1.E20.dat,1,False,,,,1000.0,3000.0,200.0,pulseB,47000.0,StimulusA,A,203,3430.8000064194202,49909.80069901049,46909.80069901049
1,Neocortex B.04Jun15,S1.E35,50000,7.5uM CCh,1215.1328125,1512.05859375,"DAC0: PulseB 300 [1000,3000];",/Volumes/Assets/Edward/Data/Traces/2015/06.June/Data 4 Jun 2015/Neocortex B.04Jun15.S1.E35.dat,1,False,,,,1000.0,3000.0,300.0,pulseB,47000.0,StimulusA,A,152,3456.60000680387,49690.000695735216,46690.000695735216
1,Neocortex B.04Jun15,S1.E41,50000,7.5uM CCh,1922.9375,2219.86328125,"DAC0: PulseB 500 [1000,3000];",/Volumes/Assets/Edward/Data/Traces/2015/06.June/Data 4 Jun 2015/Neocortex B.04Jun15.S1.E41.dat,1,False,,,,1000.0,3000.0,500.0,pulseB,47000.0,StimulusA,A,165,3686.7000102326274,49840.30069797486,46840.30069797486
1,Neocortex B.07Dec18,S1.E7,25000,2uM CCh + 2/3uM ML297,771.77734375,819.08984375,"DAC0: PulseA -50 [200,1000];PulseB 250 [2000,4000];",/Volumes/Assets/Edward/Data/Traces/2018/12.December/Data 7 Dec 2018/Neocortex B.07Dec18.S1.E7.dat,1,True,200.0,1000.0,-50.0,2000.0,4000.0,250.0,pulseB,21000.0,StimulusA,A,76,4391.4000058323145,24740.100309051573,20740.100309051573
1,Neocortex B.07Dec18,S1.E8,25000,2uM CCh + 2/3uM ML297,891.4296875,938.7421875,"DAC0: PulseA -50 [200,1000];PulseB 250 [2000,4000];",/Volumes/Assets/Edward/Data/Traces/2018/12.December/Data 7 Dec 2018/Neocortex B.07Dec18.S1.E8.dat,1,True,200.0,1000.0,-50.0,2000.0,4000.0,250.0,pulseB,21000.0,StimulusA,A,62,4419.200006246567,24774.800309568644,20774.800309568644
1,Neocortex B.07Dec18,S1.E9,25000,2uM CCh + 2/3uM ML297,1143.6875,1191.0,"DAC0: PulseA -50 [200,1000];PulseB 250 [2000,4000]; TTL1: Puff 3400.0ms",/Volumes/Assets/Edward/Data/Traces/2018/12.December/Data 7 Dec 2018/Neocortex B.07Dec18.S1.E9.dat,1,True,200.0,1000.0,-50.0,2000.0,4000.0,250.0,pulseB,21000.0,StimulusA,A,79,4408.100006081164,24859.40031082928,20859.40031082928
1,Neocortex B.07Dec18,S1.E18,25000,2uM CCh + 2/3uM ML297,1947.55859375,1994.87109375,"DAC0: PulseA -50 [200,1000];PulseB 250 [2000,4000];",/Volumes/Assets/Edward/Data/Traces/2018/12.December/Data 7 Dec 2018/Neocortex B.07Dec18.S1.E18.dat,1,True,200.0,1000.0,-50.0,2000.0,4000.0,250.0,pulseB,21000.0,StimulusA,A,54,4786.500011719763,24779.00030963123,20779.00030963123
1,Neocortex B.07Dec18,S2.E2,25000,2uM CCh + 2/3uM ML297,2953.85546875,3001.16796875,"DAC0: PulseA -50 [200,1000];PulseB 250 [2000,4000];",/Volumes/Assets/Edward/Data/Traces/2018/12.December/Data 7 Dec 2018/Neocortex B.07Dec18.S2.E2.dat,1,True,200.0,1000.0,-50.0,2000.0,4000.0,250.0,pulseB,21000.0,StimulusA,A,70,4460.200006857514,24682.500308193266,20682.500308193266
1,Neocortex B.07Dec18,S2.E3,25000,2uM CCh + 2/3uM ML297,3046.6328125,3093.9453125,"DAC0: PulseA -50 [200,1000];PulseB 250 [2000,4000]; TTL1: Puff 20800.0ms",/Volumes/Assets/Edward/Data/Traces/2018/12.December/Data 7 Dec 2018/Neocortex B.07Dec18.S2.E3.dat,1,True,200.0,1000.0,-50.0,2000.0,4000.0,250.0,pulseB,21000.0,StimulusA,A,68,4462.700006894767,24895.400311365724,20895.400311365724
1,Neocortex B.07Dec18,S3.E9,25000,2uM CCh + 2/3uM ML297,3967.92578125,4015.23828125,"DAC0: PulseA -50 [200,1000];PulseB 250 [2000,4000];",/Volumes/Assets/Edward/Data/Traces/2018/12.December/Data 7 Dec 2018/Neocortex B.07Dec18.S3.E9.dat,1,True,200.0,1000.0,-50.0,2000.0,4000.0,250.0,pulseB,21000.0,StimulusA,A,81,4547.700008161366,24764.00030940771,20764.00030940771
1,Neocortex B.07Dec18,S4.E1,25000,2uM CCh + 2/3uM ML297,4827.375,4874.6875,"DAC0: PulseA -50 [200,1000];PulseB 250 [2000,4000];",/Volumes/Assets/Edward/Data/Traces/2018/12.December/Data 7 Dec 2018/Neocortex B.07Dec18.S4.E1.dat,1,True,200.0,1000.0,-50.0,2000.0,4000.0,250.0,pulseB,21000.0,StimulusA,A,59,4878.0000130832195,24920.500311739743,20920.500311739743
1,Neocortex B.07Mar19,S1.E7,25000,2uM CCh + 2/3uM ML297,707.1328125,804.83203125,"DAC0: PulseA -50 [200,1000];PulseB 200 [2000,4000];",/Volumes/Assets/Edward/Data/Traces/2019/03.March/Data 7 Mar 2019/Neocortex B.07Mar19.S1.E7.dat,1,True,200.0,1000.0,-50.0,2000.0,4000.0,200.0,pulseB,21000.0,StimulusA,A,52,4408.700006090105,24922.100311763585,20922.100311763585
1,Neocortex B.07Mar19,S1.E20,25000,2uM CCh + 2/3uM ML297,1613.984375,1711.68359375,"DAC0: PulseA -50 [200,1000];PulseB 200 [2000,4000];",/Volumes/Assets/Edward/Data/Traces/2019/03.March/Data 7 Mar 2019/Neocortex B.07Mar19.S1.E20.dat,1,True,200.0,1000.0,-50.0,2000.0,4000.0,200.0,pulseB,21000.0,StimulusA,A,44,4346.6000051647425,24597.800306931138,20597.800306931138
1,Neocortex B.08Apr19,S1.E11,25000,2uM CCh + 2/3uM ML297,1210.671875,1425.9296875,"DAC0: PulseA -50 [200,1000];PulseB 300 [2000,4000];",/Volumes/Assets/Edward/Data/Traces/2019/04.April/Data 8 Apr 2019/Neocortex B.08Apr19.S1.E11.dat,1,True,200.0,1000.0,-50.0,2000.0,4000.0,300.0,pulseB,21000.0,StimulusA,A,72,4785.900011710823,24715.200308680534,20715.200308680534
1,Neocortex B.08Apr19,S1.E17,25000,2uM CCh + 2/3uM ML297,1876.90625,2092.1640625,"DAC0: PulseA -50 [200,1000];PulseB 300 [2000,4000];",/Volumes/Assets/Edward/Data/Traces/2019/04.April/Data 8 Apr 2019/Neocortex B.08Apr19.S1.E17.dat,1,True,200.0,1000.0,-50.0,2000.0,4000.0,300.0,pulseB,21000.0,StimulusA,A,63,5111.400016561151,24922.800311774015,20922.800311774015
1,Neocortex B.08Apr19,S1.E23,25000,2uM CCh + 2/3uM ML297,2482.9765625,2698.234375,"DAC0: PulseA -50 [200,1000];PulseB 300 [2000,4000];",/Volumes/Assets/Edward/Data/Traces/2019/04.April/Data 8 Apr 2019/Neocortex B.08Apr19.S1.E23.dat,1,True,200.0,1000.0,-50.0,2000.0,4000.0,300.0,pulseB,21000.0,StimulusA,A,52,5031.400015369058,24639.200307548046,20639.200307548046
1,Neocortex B.08Mar18,S1.E4,50000,2uM CCh + 2/3uM ML297,608.6796875,665.34765625,"DAC0: PulseA -50 [200,1000];PulseB 200 [2000,4000];",/Volumes/Assets/Edward/Data/Traces/2018/03.March/Data 8 Mar 2018/Neocortex B.08Mar18.S1.E4.dat,1,True,200.0,1000.0,-50.0,2000.0,4000.0,200.0,pulseB,46000.0,StimulusA,A,593,4136.800002038479,49948.500684686005,45948.500684686005
1,Neocortex B.08Mar18,S1.E17,50000,2uM CCh + 2/3uM ML297,1825.953125,1882.62109375,"DAC0: PulseA -50 [200,1000];PulseB 200 [2000,4000];",/Volumes/Assets/Edward/Data/Traces/2018/03.March/Data 8 Mar 2018/Neocortex B.08Mar18.S1.E17.dat,1,True,200.0,1000.0,-50.0,2000.0,4000.0,200.0,pulseB,46000.0,StimulusA,A,425,4001.2000000178814,49984.40068522096,45984.40068522096
1,Neocortex B.09Mar18,S1.E5,50000,2uM CCh + 2/3uM ML297,1157.01953125,1208.23046875,"DAC0: PulseA -50 [200,1000];PulseB 300 [2000,4000];",/Volumes/Assets/Edward/Data/Traces/2018/03.March/Data 9 Mar 2018/Neocortex B.09Mar18.S1.E5.dat,1,True,200.0,1000.0,-50.0,2000.0,4000.0,300.0,pulseB,46000.0,StimulusA,A,175,4547.3000081554055,49822.20068280399,45822.20068280399
1,Neocortex B.13Oct15,S1.E10,50000,ML297+CCh,1029.5234375,1149.359375,"DAC0: PulseB 100 [1000,3000];",/Volumes/Assets/Edward/Data/Traces/2015/10.October/Data 13 Oct 2015/Neocortex B.13Oct15.S1.E10.dat,1,False,,,,1000.0,3000.0,100.0,pulseB,47000.0,StimulusA,A,238,3381.600005686283,49993.40070025623,46993.40070025623
1,Neocortex B.13Oct15,S1.E11,50000,ML297+CCh,1280.08984375,1399.92578125,"DAC0: PulseB 150 [1000,3000];",/Volumes/Assets/Edward/Data/Traces/2015/10.October/Data 13 Oct 2015/Neocortex B.13Oct15.S1.E11.dat,1,False,,,,1000.0,3000.0,150.0,pulseB,47000.0,StimulusA,A,262,3379.800005659461,49950.50069961697,46950.50069961697
1,Neocortex B.13Oct15,S1.E12,50000,ML297+CCh,1455.54296875,1575.37890625,"DAC0: PulseB 150 [1000,3000];",/Volumes/Assets/Edward/Data/Traces/2015/10.October/Data 13 Oct 2015/Neocortex B.13Oct15.S1.E12.dat,1,False,,,,1000.0,3000.0,150.0,pulseB,47000.0,StimulusA,A,265,3359.6000053584576,49950.00069960952,46950.00069960952
1,Neocortex B.14Oct15,S1.E17,50000,ML297+CCh,2931.921875,3018.65234375,"DAC0: PulseB 200 [1000,3000];",/Volumes/Assets/Edward/Data/Traces/2015/10.October/Data 14 Oct 2015/Neocortex B.14Oct15.S1.E17.dat,1,False,,,,1000.0,3000.0,200.0,pulseB,47000.0,StimulusA,A,176,4320.900019682944,49900.20069886744,46900.20069886744
1,Neocortex B.14Oct15,S1.E18,50000,ML297+CCh,3303.7734375,3390.50390625,"DAC0: PulseB 250 [1000,3000];",/Volumes/Assets/Edward/Data/Traces/2015/10.October/Data 14 Oct 2015/Neocortex B.14Oct15.S1.E18.dat,1,False,,,,1000.0,3000.0,250.0,pulseB,47000.0,StimulusA,A,217,3872.9000130072236,49915.8006990999,46915.8006990999
1,Neocortex B.14Oct15,S1.E19,50000,ML297+CCh,3836.65625,3923.38671875,"DAC0: PulseB 250 [1000,3000];",/Volumes/Assets/Edward/Data/Traces/2015/10.October/Data 14 Oct 2015/Neocortex B.14Oct15.S1.E19.dat,1,False,,,,1000.0,3000.0,250.0,pulseB,47000.0,StimulusA,A,246,3584.900008715689,49956.700699709356,46956.700699709356
1,Neocortex B.15Mar16,S1.E10,50000,ML297+CCh,973.66796875,1056.640625,"DAC0: PulseB 300 [1000,3000];",/Volumes/Assets/Edward/Data/Traces/2016/03.March/Data 15 Mar 2016/Neocortex B.15Mar16.S1.E10.dat,1,False,,,,1000.0,3000.0,300.0,pulseB,47000.0,StimulusA,A,271,3471.5000070258975,49945.60069954395,46945.60069954395
1,Neocortex B.15Mar16,S1.E11,50000,ML297+CCh,1393.625,1476.59765625,"DAC0: PulseB 300 [1000,3000];",/Volumes/Assets/Edward/Data/Traces/2016/03.March/Data 15 Mar 2016/Neocortex B.15Mar16.S1.E11.dat,1,False,,,,1000.0,3000.0,300.0,pulseB,47000.0,StimulusA,A,163,3518.300007723272,49903.200698912144,46903.200698912144
1,Neocortex B.15Mar16,S1.E12,50000,ML297+CCh,1565.87109375,1648.84375,"DAC0: PulseB 300 [1000,3000];",/Volumes/Assets/Edward/Data/Traces/2016/03.March/Data 15 Mar 2016/Neocortex B.15Mar16.S1.E12.dat,1,False,,,,1000.0,3000.0,300.0,pulseB,47000.0,StimulusA,A,271,3391.5000058338046,49819.300697661936,46819.300697661936
1,Neocortex B.16Feb16,S1.E17,50000,,605.61328125,712.55078125,"DAC0: PulseB 200 [1000,3000];",/Volumes/Assets/Edward/Data/Traces/2016/02.February/Data 16 Feb 2016/Neocortex B.16Feb16.S1.E17.dat,1,False,,,,1000.0,3000.0,200.0,pulseB,47000.0,StimulusA,A,276,3328.6000048965216,49943.20069950819,46943.20069950819
1,Neocortex B.16Feb16,S1.E19,50000,,895.63671875,1002.57421875,"DAC0: PulseB 200 [1000,3000];",/Volumes/Assets/Edward/Data/Traces/2016/02.February/Data 16 Feb 2016/Neocortex B.16Feb16.S1.E19.dat,1,False,,,,1000.0,3000.0,200.0,pulseB,47000.0,StimulusA,A,207,3482.10000718385,49998.300700329244,46998.300700329244
1,Neocortex B.16Feb16,S1.E23,50000,,1287.81640625,1394.75390625,"DAC0: PulseB 200 [1000,3000];",/Volumes/Assets/Edward/Data/Traces/2016/02.February/Data 16 Feb 2016/Neocortex B.16Feb16.S1.E23.dat,1,False,,,,1000.0,3000.0,200.0,pulseB,47000.0,StimulusA,A,294,3283.6000042259693,49841.40069799125,46841.40069799125
1,Neocortex B.16Feb16,S1.E26,50000,,1642.515625,1749.453125,"DAC0: PulseB 200 [1000,3000];",/Volumes/Assets/Edward/Data/Traces/2016/02.February/Data 16 Feb 2016/Neocortex B.16Feb16.S1.E26.dat,1,False,,,,1000.0,3000.0,200.0,pulseB,47000.0,StimulusA,A,215,3351.8000052422285,49984.00070011616,46984.00070011616
1,Neocortex B.16Mar16,S1.E11,50000,ML297+CCh,935.1640625,1004.31640625,"DAC0: PulseB 300 [1000,3000];",/Volumes/Assets/Edward/Data/Traces/2016/03.March/Data 16 Mar 2016/Neocortex B.16Mar16.S1.E11.dat,1,False,,,,1000.0,3000.0,300.0,pulseB,47000.0,StimulusA,A,290,3445.0000066310167,49969.50069990009,46969.50069990009
1,Neocortex B.16Mar16,S1.E12,50000,ML297+CCh,1068.57421875,1137.7265625,"DAC0: PulseB 300 [1000,3000];",/Volumes/Assets/Edward/Data/Traces/2016/03.March/Data 16 Mar 2016/Neocortex B.16Mar16.S1.E12.dat,1,False,,,,1000.0,3000.0,300.0,pulseB,47000.0,StimulusA,A,257,3316.4000047147274,49984.40070012212,46984.40070012212
1,Neocortex B.16Mar16,S1.E14,50000,ML297+CCh,1369.43359375,1438.5859375,"DAC0: PulseB 300 [1000,3000];",/Volumes/Assets/Edward/Data/Traces/2016/03.March/Data 16 Mar 2016/Neocortex B.16Mar16.S1.E14.dat,1,False,,,,1000.0,3000.0,300.0,pulseB,47000.0,StimulusA,A,290,3282.9000042155385,49934.40069937706,46934.40069937706
1,Neocortex B.16Oct15,S1.E31,40000,ML297+CCh,1790.5546875,1904.375,"DAC0: PulseB 700 [1000,3000];",/Volumes/Assets/Edward/Data/Traces/2015/10.October/Data 16 Oct 2015/Neocortex B.16Oct15.S1.E31.dat,1,False,,,,1000.0,3000.0,700.0,pulseB,37000.0,StimulusA,A,49,4328.4000197947025,39637.60054594278,36637.60054594278
1,Neocortex B.18Mar16,S1.E12,30000,ML297+CCh,629.1640625,704.45703125,"DAC0: PulseB 300 [1000,3000];",/Volumes/Assets/Edward/Data/Traces/2016/03.March/Data 18 Mar 2016/Neocortex B.18Mar16.S1.E12.dat,1,False,,,,1000.0,3000.0,300.0,pulseB,27000.0,StimulusA,A,262,3166.200002476573,29965.900401823223,26965.900401823223
1,Neocortex B.18Mar16,S1.E13,30000,ML297+CCh,754.15625,829.44921875,"DAC0: PulseB 300 [1000,3000];",/Volumes/Assets/Edward/Data/Traces/2016/03.March/Data 18 Mar 2016/Neocortex B.18Mar16.S1.E13.dat,1,False,,,,1000.0,3000.0,300.0,pulseB,27000.0,StimulusA,A,268,3184.6000027507544,29991.600402206182,26991.600402206182
1,Neocortex B.18Mar16,S1.E14,30000,ML297+CCh,829.2734375,904.56640625,"DAC0: PulseB 300 [1000,3000];",/Volumes/Assets/Edward/Data/Traces/2016/03.March/Data 18 Mar 2016/Neocortex B.18Mar16.S1.E14.dat,1,False,,,,1000.0,3000.0,300.0,pulseB,27000.0,StimulusA,A,224,3201.600003004074,29983.400402083993,26983.400402083993
1,Neocortex B.19Nov18,S1.E6,50000,2uM CCh + 2/3uM ML297,397.27734375,558.19921875,"DAC0: PulseA -50 [200,1000];PulseB 200 [2000,4000];",/Volumes/Assets/Edward/Data/Traces/2018/11.November/Data 19 Nov 2018/Neocortex B.19Nov18.S1.E6.dat,1,True,200.0,1000.0,-50.0,2000.0,4000.0,200.0,pulseB,46000.0,StimulusA,A,213,4265.000003948808,49796.00068241358,45796.00068241358
1,Neocortex B.23Mar16,S1.E14,50000,,625.73828125,691.6875,"DAC0: PulseB 300 [1000,3000];",/Volumes/Assets/Edward/Data/Traces/2016/03.March/Data 23 Mar 2016/Neocortex B.23Mar16.S1.E14.dat,1,False,,,,1000.0,3000.0,300.0,pulseB,47000.0,StimulusA,A,182,3460.4000068604946,49912.900699056685,46912.900699056685
1,Neocortex B.23Mar16,S1.E15,40000,,857.07421875,923.0234375,"DAC0: PulseB 300 [1000,3000];",/Volumes/Assets/Edward/Data/Traces/2016/03.March/Data 23 Mar 2016/Neocortex B.23Mar16.S1.E15.dat,1,False,,,,1000.0,3000.0,300.0,pulseB,37000.0,StimulusA,A,200,3318.3000047430396,39946.40055054426,36946.40055054426
1,Neocortex B.24Feb16,S1.E21,50000,,1184.8046875,1296.80859375,"DAC0: PulseB 200 [1000,3000];",/Volumes/Assets/Edward/Data/Traces/2016/02.February/Data 24 Feb 2016/Neocortex B.24Feb16.S1.E21.dat,1,False,,,,1000.0,3000.0,200.0,pulseB,47000.0,StimulusA,A,360,3001.700000025332,49994.20070026815,46994.20070026815
1,Neocortex B.24Feb16,S1.E24,50000,,1665.5859375,1777.58984375,"DAC0: PulseB 200 [1000,3000];",/Volumes/Assets/Edward/Data/Traces/2016/02.February/Data 24 Feb 2016/Neocortex B.24Feb16.S1.E24.dat,1,False,,,,1000.0,3000.0,200.0,pulseB,47000.0,StimulusA,A,294,3296.300004415214,49971.10069992393,46971.10069992393
1,Neocortex B.24Feb16,S1.E25,50000,,1838.29296875,1950.296875,"DAC0: PulseB 200 [1000,3000];",/Volumes/Assets/Edward/Data/Traces/2016/02.February/Data 24 Feb 2016/Neocortex B.24Feb16.S1.E25.dat,1,False,,,,1000.0,3000.0,200.0,pulseB,47000.0,StimulusA,A,406,3102.400001525879,49892.90069875866,46892.90069875866
1,Neocortex B.24Mar16,S1.E14,40000,2uM CCh,805.8125,998.33984375,"DAC0: PulseB 300 [1000,3000];",/Volumes/Assets/Edward/Data/Traces/2016/03.March/Data 24 Mar 2016/Neocortex B.24Mar16.S1.E14.dat,1,False,,,,1000.0,3000.0,300.0,pulseB,37000.0,StimulusA,A,196,3315.100004695356,39995.40055127442,36995.40055127442
1,Neocortex B.24Mar16,S1.E15,40000,2uM CCh,941.90234375,1134.4296875,"DAC0: PulseB 300 [1000,3000];",/Volumes/Assets/Edward/Data/Traces/2016/03.March/Data 24 Mar 2016/Neocortex B.24Mar16.S1.E15.dat,1,False,,,,1000.0,3000.0,300.0,pulseB,37000.0,StimulusA,A,203,3261.000003889203,39959.10055073351,36959.10055073351
1,Neocortex B.25Apr16,S1.E5,40000,,239.37890625,274.16015625,"DAC0: PulseB 200 [1000,3000];",/Volumes/Assets/Edward/Data/Traces/2016/04.April/Data 25 Apr 2016/Neocortex B.25Apr16.S1.E5.dat,1,False,,,,1000.0,3000.0,200.0,pulseB,37000.0,StimulusA,A,90,3762.5000113621354,39912.20055003464,36912.20055003464
1,Neocortex B.25Apr16,S1.E8,40000,,370.95703125,405.73828125,"DAC0: PulseB 200 [1000,3000];",/Volumes/Assets/Edward/Data/Traces/2016/04.April/Data 25 Apr 2016/Neocortex B.25Apr16.S1.E8.dat,1,False,,,,1000.0,3000.0,200.0,pulseB,37000.0,StimulusA,A,165,3612.6000091284513,39791.60054823756,36791.60054823756
1,Neocortex B.25Apr16,S1.E9,40000,,483.390625,518.171875,"DAC0: PulseB 200 [1000,3000];",/Volumes/Assets/Edward/Data/Traces/2016/04.April/Data 25 Apr 2016/Neocortex B.25Apr16.S1.E9.dat,1,False,,,,1000.0,3000.0,200.0,pulseB,37000.0,StimulusA,A,154,3898.8000133931637,39877.90054952353,36877.90054952353
1,Neocortex B.25Apr16,S1.E11,40000,,673.046875,707.828125,"DAC0: PulseB 200 [1000,3000];",/Volumes/Assets/Edward/Data/Traces/2016/04.April/Data 25 Apr 2016/Neocortex B.25Apr16.S1.E11.dat,1,False,,,,1000.0,3000.0,200.0,pulseB,37000.0,StimulusA,A,163,3802.0000119507313,39811.000548526645,36811.000548526645
1,Neocortex B.25Apr16,S1.E12,40000,,749.109375,783.890625,"DAC0: PulseB 200 [1000,3000];",/Volumes/Assets/Edward/Data/Traces/2016/04.April/Data 25 Apr 2016/Neocortex B.25Apr16.S1.E12.dat,1,False,,,,1000.0,3000.0,200.0,pulseB,37000.0,StimulusA,A,145,4131.800016865134,39895.70054978877,36895.70054978877
1,Neocortex B.25Apr16,S1.E13,40000,,805.28515625,840.06640625,"DAC0: PulseB 200 [1000,3000];",/Volumes/Assets/Edward/Data/Traces/2016/04.April/Data 25 Apr 2016/Neocortex B.25Apr16.S1.E13.dat,1,False,,,,1000.0,3000.0,200.0,pulseB,37000.0,StimulusA,A,131,4253.400018677115,39874.40054947138,36874.40054947138
1,Neocortex C.01Feb17,S1.E78,50000,2uM CCh,2866.9609375,4322.0625,"DAC0: PulseA -50 [200,400];PulseB 300 [1000,3000];",/Volumes/Assets/Edward/Data/Traces/2017/02.February/Data 1 Feb 2017/Neocortex C.01Feb17.S1.E78.dat,1,True,200.0,400.0,-50.0,1000.0,3000.0,300.0,pulseB,47000.0,StimulusA,A,342,3313.8000046759844,49960.80069977045,46960.80069977045
1,Neocortex C.05Oct15,S1.E28,40000,ML297+CCh+NS309,2098.0546875,2265.73046875,"DAC0: PulseB 200 [1000,3000];",/Volumes/Assets/Edward/Data/Traces/2015/10.October/Data 5 Oct 2015/Neocortex C.05Oct15.S1.E28.dat,1,False,,,,1000.0,3000.0,200.0,pulseB,37000.0,StimulusA,A,78,3568.1000084653497,39619.10054566711,36619.10054566711
1,Neocortex C.08Apr19,S1.E7,25000,2uM CCh + 2/3uM ML297,856.421875,930.7421875,"DAC0: PulseA -50 [200,1000];PulseB 300 [2000,4000];",/Volumes/Assets/Edward/Data/Traces/2019/04.April/Data 8 Apr 2019/Neocortex C.08Apr19.S1.E7.dat,1,True,200.0,1000.0,-50.0,2000.0,4000.0,300.0,pulseB,21000.0,StimulusA,A,66,4584.400008708239,24999.000312909484,20999.000312909484
1,Neocortex C.08Apr19,S1.E13,25000,2uM CCh + 2/3uM ML297,1646.171875,1720.4921875,"DAC0: PulseA -50 [200,1000];PulseB 300 [2000,4000];",/Volumes/Assets/Edward/Data/Traces/2019/04.April/Data 8 Apr 2019/Neocortex C.08Apr19.S1.E13.dat,1,True,200.0,1000.0,-50.0,2000.0,4000.0,300.0,pulseB,21000.0,StimulusA,A,64,4715.900010667741,24765.000309422612,20765.000309422612
1,Neocortex C.08Apr19,S1.E21,25000,2uM CCh + 2/3uM ML297,2518.82421875,2593.14453125,"DAC0: PulseA -50 [200,1000];PulseB 300 [2000,4000];",/Volumes/Assets/Edward/Data/Traces/2019/04.April/Data 8 Apr 2019/Neocortex C.08Apr19.S1.E21.dat,1,True,200.0,1000.0,-50.0,2000.0,4000.0,300.0,pulseB,21000.0,StimulusA,A,57,4598.200008913875,24660.40030786395,20660.40030786395
1,Neocortex C.10Feb16,S1.E14,50000,,744.37109375,838.359375,"DAC0: PulseB 200 [1000,3000];",/Volumes/Assets/Edward/Data/Traces/2016/02.February/Data 10 Feb 2016/Neocortex C.10Feb16.S1.E14.dat,1,False,,,,1000.0,3000.0,200.0,pulseB,47000.0,StimulusA,A,260,3256.4000038206577,49923.00069920719,46923.00069920719
1,Neocortex C.10Feb16,S1.E16,50000,,1034.87109375,1128.859375,"DAC0: PulseB 200 [1000,3000];",/Volumes/Assets/Edward/Data/Traces/2016/02.February/Data 10 Feb 2016/Neocortex C.10Feb16.S1.E16.dat,1,False,,,,1000.0,3000.0,200.0,pulseB,47000.0,StimulusA,A,224,3256.500003822148,49927.50069927424,46927.50069927424
1,Neocortex C.10Feb16,S1.E19,50000,,1659.8046875,1753.79296875,"DAC0: PulseB 200 [1000,3000];",/Volumes/Assets/Edward/Data/Traces/2016/02.February/Data 10 Feb 2016/Neocortex C.10Feb16.S1.E19.dat,1,False,,,,1000.0,3000.0,200.0,pulseB,47000.0,StimulusA,A,251,3245.9000036641955,49904.000698924065,46904.000698924065
1,Neocortex C.10Feb16,S1.E21,50000,,2012.73046875,2106.71875,"DAC0: PulseB 200 [1000,3000];",/Volumes/Assets/Edward/Data/Traces/2016/02.February/Data 10 Feb 2016/Neocortex C.10Feb16.S1.E21.dat,1,False,,,,1000.0,3000.0,200.0,pulseB,47000.0,StimulusA,A,235,3325.0000048428774,49897.90069883317,46897.90069883317
1,Neocortex C.10Feb16,S1.E22,50000,,2234.15234375,2328.140625,"DAC0: PulseB 200 [1000,3000];",/Volumes/Assets/Edward/Data/Traces/2016/02.February/Data 10 Feb 2016/Neocortex C.10Feb16.S1.E22.dat,1,False,,,,1000.0,3000.0,200.0,pulseB,47000.0,StimulusA,A,205,3360.5000053718686,49968.70069988817,46968.70069988817
1,Neocortex C.10Feb16,S1.E23,50000,,2339.1015625,2433.08984375,"DAC0: PulseB 200 [1000,3000];",/Volumes/Assets/Edward/Data/Traces/2016/02.February/Data 10 Feb 2016/Neocortex C.10Feb16.S1.E23.dat,1,False,,,,1000.0,3000.0,200.0,pulseB,47000.0,StimulusA,A,162,3411.2000061273575,49880.70069857687,46880.70069857687
1,Neocortex C.10Feb16,S1.E24,50000,,2478.44140625,2572.4296875,"DAC0: PulseB 200 [1000,3000];",/Volumes/Assets/Edward/Data/Traces/2016/02.February/Data 10 Feb 2016/Neocortex C.10Feb16.S1.E24.dat,1,False,,,,1000.0,3000.0,200.0,pulseB,47000.0,StimulusA,A,140,3602.2000089734793,49996.90070030838,46996.90070030838
1,Neocortex C.10Feb16,S1.E25,50000,,2657.140625,2751.12890625,"DAC0: PulseB 200 [1000,3000];",/Volumes/Assets/Edward/Data/Traces/2016/02.February/Data 10 Feb 2016/Neocortex C.10Feb16.S1.E25.dat,1,False,,,,1000.0,3000.0,200.0,pulseB,47000.0,StimulusA,A,208,3290.400004327297,49807.10069748014,46807.10069748014
1,Neocortex C.14Dec18,S1.E7,25000,2uM CCh + 2/3uM ML297,426.8828125,662.90234375,"DAC0: PulseA -50 [200,1000];PulseB 300 [2000,4000];",/Volumes/Assets/Edward/Data/Traces/2018/12.December/Data 14 Dec 2018/Neocortex C.14Dec18.S1.E7.dat,1,True,200.0,1000.0,-50.0,2000.0,4000.0,300.0,pulseB,21000.0,StimulusA,A,273,4180.80000269413,24994.20031283796,20994.20031283796
1,Neocortex C.14Dec18,S1.E8,25000,2uM CCh + 2/3uM ML297,517.0703125,753.08984375,"DAC0: PulseA -50 [200,1000];PulseB 300 [2000,4000];",/Volumes/Assets/Edward/Data/Traces/2018/12.December/Data 14 Dec 2018/Neocortex C.14Dec18.S1.E8.dat,1,True,200.0,1000.0,-50.0,2000.0,4000.0,300.0,pulseB,21000.0,StimulusA,A,265,4194.500002898276,24991.400312796235,20991.400312796235
1,Neocortex C.14Dec18,S1.E11,25000,2uM CCh + 2/3uM ML297,719.79296875,955.8125,"DAC0: PulseA -50 [200,1000];PulseB 300 [2000,4000];",/Volumes/Assets/Edward/Data/Traces/2018/12.December/Data 14 Dec 2018/Neocortex C.14Dec18.S1.E11.dat,1,True,200.0,1000.0,-50.0,2000.0,4000.0,300.0,pulseB,21000.0,StimulusA,A,212,4228.000003397465,24962.4003123641,20962.4003123641
1,Neocortex C.14Dec18,S1.E20,25000,2uM CCh + 2/3uM ML297,1225.68359375,1461.703125,"DAC0: PulseA -50 [200,1000];PulseB 300 [2000,4000];",/Volumes/Assets/Edward/Data/Traces/2018/12.December/Data 14 Dec 2018/Neocortex C.14Dec18.S1.E20.dat,1,True,200.0,1000.0,-50.0,2000.0,4000.0,300.0,pulseB,21000.0,StimulusA,A,170,4259.500003866851,24937.800311997533,20937.800311997533
1,Neocortex C.14Dec18,S1.E31,25000,2uM CCh + 2/3uM ML297,1937.9140625,2173.93359375,"DAC0: PulseA -50 [200,1000];PulseB 300 [2000,4000];",/Volumes/Assets/Edward/Data/Traces/2018/12.December/Data 14 Dec 2018/Neocortex C.14Dec18.S1.E31.dat,1,True,200.0,1000.0,-50.0,2000.0,4000.0,300.0,pulseB,21000.0,StimulusA,A,198,4208.300003103912,24909.10031156987,20909.10031156987
1,Neocortex C.14Jan19,S1.E5,30000,2uM CCh + 2/3uM ML297,702.62109375,773.29296875,"DAC0: PulseA -50 [200,1000];PulseB 200 [2000,4000];",/Volumes/Assets/Edward/Data/Traces/2019/01.January/Data 14 Jan 2019/Neocortex C.14Jan19.S1.E5.dat,1,True,200.0,1000.0,-50.0,2000.0,4000.0,200.0,pulseB,26000.0,StimulusA,A,73,4883.000013157725,29719.800383254886,25719.800383254886
1,Neocortex C.14Jan19,S1.E6,30000,2uM CCh + 2/3uM ML297,939.609375,1010.28125,"DAC0: PulseA -50 [200,1000];PulseB 200 [2000,4000];",/Volumes/Assets/Edward/Data/Traces/2019/01.January/Data 14 Jan 2019/Neocortex C.14Jan19.S1.E6.dat,1,True,200.0,1000.0,-50.0,2000.0,4000.0,200.0,pulseB,26000.0,StimulusA,A,82,5248.80001860857,29910.600386098027,25910.600386098027
1,Neocortex C.14Mar16,S1.E10,50000,ML297+CCh+1/2uM NS309,662.828125,828.9296875,"DAC0: PulseB 500 [1000,3000];",/Volumes/Assets/Edward/Data/Traces/2016/03.March/Data 14 Mar 2016/Neocortex C.14Mar16.S1.E10.dat,1,False,,,,1000.0,3000.0,500.0,pulseB,47000.0,StimulusA,A,331,3276.600004121661,49917.40069912374,46917.40069912374
1,Neocortex C.15Feb16,S1.E19,50000,,838.7265625,952.6015625,"DAC0: PulseB 300 [1000,3000];",/Volumes/Assets/Edward/Data/Traces/2016/02.February/Data 15 Feb 2016/Neocortex C.15Feb16.S1.E19.dat,1,False,,,,1000.0,3000.0,300.0,pulseB,47000.0,StimulusA,A,215,3517.700007714331,49979.5007000491,46979.5007000491
1,Neocortex C.16Feb16,S1.E18,50000,,800.9609375,892.2421875,"DAC0: PulseB 200 [1000,3000];",/Volumes/Assets/Edward/Data/Traces/2016/02.February/Data 16 Feb 2016/Neocortex C.16Feb16.S1.E18.dat,1,False,,,,1000.0,3000.0,200.0,pulseB,47000.0,StimulusA,A,129,3809.70001206547,48548.9006787315,45548.9006787315
1,Neocortex C.16Feb16,S1.E19,50000,,916.0625,1007.34375,"DAC0: PulseB 200 [1000,3000];",/Volumes/Assets/Edward/Data/Traces/2016/02.February/Data 16 Feb 2016/Neocortex C.16Feb16.S1.E19.dat,1,False,,,,1000.0,3000.0,200.0,pulseB,47000.0,StimulusA,A,107,4242.300018511713,49898.70069884509,46898.70069884509
1,Neocortex C.17Jul18,S1.E7,50000,2uM CCh + 2/3uM ML297,1038.359375,1161.671875,"DAC0: PulseA -50 [200,1000];PulseB 200 [4000,6000];",/Volumes/Assets/Edward/Data/Traces/2018/07.July/Data 17 Jul 2018/Neocortex C.17Jul18.S1.E7.dat,1,True,200.0,1000.0,-50.0,4000.0,6000.0,200.0,pulseB,44000.0,StimulusA,A,166,6413.40000616014,49749.20065191388,43749.20065191388
1,Neocortex C.17Jul18,S1.E16,50000,2uM CCh + 2/3uM ML297,2205.86328125,2329.17578125,"DAC0: PulseA -75 [200,1000];PulseB 200 [4000,6000];",/Volumes/Assets/Edward/Data/Traces/2018/07.July/Data 17 Jul 2018/Neocortex C.17Jul18.S1.E16.dat,1,True,200.0,1000.0,-75.0,4000.0,6000.0,200.0,pulseB,44000.0,StimulusA,A,146,6620.800009250641,49871.00065372884,43871.00065372884
1,Neocortex C.17Jul18,S1.E36,50000,2uM CCh + 2/3uM ML297,4573.8828125,4697.1953125,"DAC0: PulseA -75 [200,1000];PulseB 200 [4000,6000];",/Volumes/Assets/Edward/Data/Traces/2018/07.July/Data 17 Jul 2018/Neocortex C.17Jul18.S1.E36.dat,1,True,200.0,1000.0,-75.0,4000.0,6000.0,200.0,pulseB,44000.0,StimulusA,A,86,6457.400006815791,49845.60065335035,43845.60065335035
1,Neocortex C.17Jul18,S1.E39,50000,2uM CCh + 2/3uM ML297,5008.76953125,5132.08203125,"DAC0: PulseA -75 [200,1000];PulseB 200 [4000,6000];",/Volumes/Assets/Edward/Data/Traces/2018/07.July/Data 17 Jul 2018/Neocortex C.17Jul18.S1.E39.dat,1,True,200.0,1000.0,-75.0,4000.0,6000.0,200.0,pulseB,44000.0,StimulusA,A,164,6452.900006748736,49100.30064224452,43100.30064224452
1,Neocortex C.18Sep15,S1.E17,30000,ML297+CCh,1813.65234375,1886.14453125,"DAC0: PulseB 300 [1000,3000];",/Volumes/Assets/Edward/Data/Traces/2015/09.September/Data 18 Sep 2015/Neocortex C.18Sep15.S1.E17.dat,1,False,,,,1000.0,3000.0,300.0,pulseB,27000.0,StimulusA,A,69,6745.100055806339,29936.50040138513,26936.50040138513
1,Neocortex C.18Sep15,S1.E18,30000,ML297+CCh,1932.07421875,2004.56640625,"DAC0: PulseB 300 [1000,3000];",/Volumes/Assets/Edward/Data/Traces/2015/09.September/Data 18 Sep 2015/Neocortex C.18Sep15.S1.E18.dat,1,False,,,,1000.0,3000.0,300.0,pulseB,27000.0,StimulusA,A,53,5538.700037829578,29877.60040050745,26877.60040050745
1,Neocortex C.19Nov18,S1.E3,40000,2uM CCh + 2/3uM ML297,224.66796875,363.08984375,"DAC0: PulseA -50 [200,1000];PulseB 200 [2000,4000];",/Volumes/Assets/Edward/Data/Traces/2018/11.November/Data 19 Nov 2018/Neocortex C.19Nov18.S1.E3.dat,1,True,200.0,1000.0,-50.0,2000.0,4000.0,200.0,pulseB,36000.0,StimulusA,A,136,4718.500010706484,39743.900532625616,35743.900532625616
1,Neocortex C.19Nov18,S1.E13,40000,2uM CCh + 2/3uM ML297,1758.78125,1897.203125,"DAC0: PulseA -50 [200,1000];PulseB 200 [2000,4000];",/Volumes/Assets/Edward/Data/Traces/2018/11.November/Data 19 Nov 2018/Neocortex C.19Nov18.S1.E13.dat,1,True,200.0,1000.0,-50.0,2000.0,4000.0,200.0,pulseB,36000.0,StimulusA,A,139,4481.90000718087,39792.30053334683,35792.30053334683
1,Neocortex C.23Mar16,S1.E13,40000,2uM CCh,502.49609375,656.08984375,"DAC0: PulseB 300 [1000,3000];",/Volumes/Assets/Edward/Data/Traces/2016/03.March/Data 23 Mar 2016/Neocortex C.23Mar16.S1.E13.dat,1,False,,,,1000.0,3000.0,300.0,pulseB,37000.0,StimulusA,A,328,3191.000002846122,39950.30055060238,36950.30055060238
1,Neocortex C.23Mar16,S1.E14,40000,2uM CCh,642.09765625,795.69140625,"DAC0: PulseB 300 [1000,3000];",/Volumes/Assets/Edward/Data/Traces/2016/03.March/Data 23 Mar 2016/Neocortex C.23Mar16.S1.E14.dat,1,False,,,,1000.0,3000.0,300.0,pulseB,37000.0,StimulusA,A,375,3173.7000025883317,39914.300550065935,36914.300550065935
1,Neocortex C.23Mar16,S1.E15,40000,2uM CCh,742.5234375,896.1171875,"DAC0: PulseB 300 [1000,3000];",/Volumes/Assets/Edward/Data/Traces/2016/03.March/Data 23 Mar 2016/Neocortex C.23Mar16.S1.E15.dat,1,False,,,,1000.0,3000.0,300.0,pulseB,37000.0,StimulusA,A,154,3396.900005914271,39953.50055065006,36953.50055065006
1,Neocortex C.23Mar16,S1.E16,40000,2uM CCh,846.82421875,1000.41796875,"DAC0: PulseB 300 [1000,3000];",/Volumes/Assets/Edward/Data/Traces/2016/03.March/Data 23 Mar 2016/Neocortex C.23Mar16.S1.E16.dat,1,False,,,,1000.0,3000.0,300.0,pulseB,37000.0,StimulusA,A,157,3761.8000113517046,39968.00055086613,36968.00055086613
1,Neocortex C.24Mar16,S1.E18,40000,2uM CCh,1266.63671875,1360.859375,"DAC0: PulseB 400 [1000,3000];",/Volumes/Assets/Edward/Data/Traces/2016/03.March/Data 24 Mar 2016/Neocortex C.24Mar16.S1.E18.dat,1,False,,,,1000.0,3000.0,400.0,pulseB,37000.0,StimulusA,A,243,3332.2000049501657,39872.200549438596,36872.200549438596
1,Neocortex C.24Mar16,S1.E21,40000,2uM CCh,1464.703125,1558.92578125,"DAC0: PulseB 400 [1000,3000];",/Volumes/Assets/Edward/Data/Traces/2016/03.March/Data 24 Mar 2016/Neocortex C.24Mar16.S1.E21.dat,1,False,,,,1000.0,3000.0,400.0,pulseB,37000.0,StimulusA,A,169,4426.400021255016,39858.20054922998,36858.20054922998
1,Neocortex C.24Mar16,S1.E22,40000,2uM CCh,1587.09765625,1681.3203125,"DAC0: PulseB 400 [1000,3000];",/Volumes/Assets/Edward/Data/Traces/2016/03.March/Data 24 Mar 2016/Neocortex C.24Mar16.S1.E22.dat,1,False,,,,1000.0,3000.0,400.0,pulseB,37000.0,StimulusA,A,211,3340.6000050753355,39924.8005502224,36924.8005502224
1,Neocortex C.24Sep15,S1.E25,40000,ML297+CCh,3637.34375,3753.69140625,"DAC0: PulseB 300 [1000,3000];",/Volumes/Assets/Edward/Data/Traces/2015/09.September/Data 24 Sep 2015/Neocortex C.24Sep15.S1.E25.dat,1,False,,,,1000.0,3000.0,300.0,pulseB,37000.0,StimulusA,A,162,3674.6000100523233,39826.10054875165,36826.10054875165
1,Neocortex C.24Sep15,S1.E26,40000,ML297+CCh,3890.59765625,4006.9453125,"DAC0: PulseB 300 [1000,3000];",/Volumes/Assets/Edward/Data/Traces/2015/09.September/Data 24 Sep 2015/Neocortex C.24Sep15.S1.E26.dat,1,False,,,,1000.0,3000.0,300.0,pulseB,37000.0,StimulusA,A,139,3673.8000100404024,39950.200550600886,36950.200550600886
1,Neocortex C.24Sep15,S1.E27,40000,ML297+CCh,4108.140625,4224.48828125,"DAC0: PulseB 300 [1000,3000];",/Volumes/Assets/Edward/Data/Traces/2015/09.September/Data 24 Sep 2015/Neocortex C.24Sep15.S1.E27.dat,1,False,,,,1000.0,3000.0,300.0,pulseB,37000.0,StimulusA,A,134,3752.000011205673,39891.30054972321,36891.30054972321
1,Neocortex C.24Sep15,S1.E28,40000,ML297+CCh,4219.1875,4335.53515625,"DAC0: PulseB 300 [1000,3000];",/Volumes/Assets/Edward/Data/Traces/2015/09.September/Data 24 Sep 2015/Neocortex C.24Sep15.S1.E28.dat,1,False,,,,1000.0,3000.0,300.0,pulseB,37000.0,StimulusA,A,126,3746.4000111222267,39911.90055003017,36911.90055003017
1,Neocortex C.24Sep15,S1.E29,40000,ML297+CCh,4374.828125,4491.17578125,"DAC0: PulseB 300 [1000,3000];",/Volumes/Assets/Edward/Data/Traces/2015/09.September/Data 24 Sep 2015/Neocortex C.24Sep15.S1.E29.dat,1,False,,,,1000.0,3000.0,300.0,pulseB,37000.0,StimulusA,A,111,3774.90001154691,39990.20055119693,36990.20055119693
1,Neocortex C.25Apr16,S1.E7,40000,,411.8046875,480.51171875,"DAC0: PulseB 300 [1000,3000];",/Volumes/Assets/Edward/Data/Traces/2016/04.April/Data 25 Apr 2016/Neocortex C.25Apr16.S1.E7.dat,1,False,,,,1000.0,3000.0,300.0,pulseB,37000.0,StimulusA,A,106,3724.5000107958913,39951.80055062473,36951.80055062473
1,Neocortex C.25Apr16,S1.E8,40000,,470.484375,539.19140625,"DAC0: PulseB 300 [1000,3000];",/Volumes/Assets/Edward/Data/Traces/2016/04.April/Data 25 Apr 2016/Neocortex C.25Apr16.S1.E8.dat,1,False,,,,1000.0,3000.0,300.0,pulseB,37000.0,StimulusA,A,115,3652.700009725988,39883.20054960251,36883.20054960251
1,Neocortex C.25Apr16,S1.E10,40000,,619.8671875,688.57421875,"DAC0: PulseB 300 [1000,3000];",/Volumes/Assets/Edward/Data/Traces/2016/04.April/Data 25 Apr 2016/Neocortex C.25Apr16.S1.E10.dat,1,False,,,,1000.0,3000.0,300.0,pulseB,37000.0,StimulusA,A,94,3719.000010713935,39957.600550711155,36957.600550711155
1,Neocortex C.25Apr16,S1.E12,40000,,766.0546875,834.76171875,"DAC0: PulseB 300 [1000,3000];",/Volumes/Assets/Edward/Data/Traces/2016/04.April/Data 25 Apr 2016/Neocortex C.25Apr16.S1.E12.dat,1,False,,,,1000.0,3000.0,300.0,pulseB,37000.0,StimulusA,A,115,3987.600014716387,39967.400550857186,36967.400550857186
1,Neocortex C.25Apr16,S1.E15,40000,,936.3046875,1005.01171875,"DAC0: PulseB 300 [1000,3000];",/Volumes/Assets/Edward/Data/Traces/2016/04.April/Data 25 Apr 2016/Neocortex C.25Apr16.S1.E15.dat,1,False,,,,1000.0,3000.0,300.0,pulseB,37000.0,StimulusA,A,146,3891.0000132769346,39813.00054855645,36813.00054855645
1,Neocortex C.25Sep15,S1.E13,40000,ML297+CCh,1312.640625,1384.41015625,"DAC0: PulseB 200 [1000,3000];",/Volumes/Assets/Edward/Data/Traces/2015/09.September/Data 25 Sep 2015/Neocortex C.25Sep15.S1.E13.dat,1,False,,,,1000.0,3000.0,200.0,pulseB,37000.0,StimulusA,A,120,3905.7000134959817,39922.800550192595,36922.800550192595
1,Neocortex C.25Sep15,S1.E14,40000,ML297+CCh,1467.2578125,1539.02734375,"DAC0: PulseB 300 [1000,3000];",/Volumes/Assets/Edward/Data/Traces/2015/09.September/Data 25 Sep 2015/Neocortex C.25Sep15.S1.E14.dat,1,False,,,,1000.0,3000.0,300.0,pulseB,37000.0,StimulusA,A,119,3715.500010661781,39779.60054805875,36779.60054805875
1,Neocortex C.25Sep15,S1.E15,40000,ML297+CCh,1600.88671875,1672.65625,"DAC0: PulseB 300 [1000,3000];",/Volumes/Assets/Edward/Data/Traces/2015/09.September/Data 25 Sep 2015/Neocortex C.25Sep15.S1.E15.dat,1,False,,,,1000.0,3000.0,300.0,pulseB,37000.0,StimulusA,A,107,3579.0000086277723,39667.20054638386,36667.20054638386
1,Neocortex C.25Sep15,S1.E16,40000,ML297+CCh,1707.92578125,1779.6953125,"DAC0: PulseB 300 [1000,3000];",/Volumes/Assets/Edward/Data/Traces/2015/09.September/Data 25 Sep 2015/Neocortex C.25Sep15.S1.E16.dat,1,False,,,,1000.0,3000.0,300.0,pulseB,37000.0,StimulusA,A,110,3724.9000108018517,39796.00054830313,36796.00054830313
1,Neocortex C.25Sep15,S1.E17,40000,ML297+CCh,1791.828125,1863.59765625,"DAC0: PulseB 300 [1000,3000];",/Volumes/Assets/Edward/Data/Traces/2015/09.September/Data 25 Sep 2015/Neocortex C.25Sep15.S1.E17.dat,1,False,,,,1000.0,3000.0,300.0,pulseB,37000.0,StimulusA,A,91,3487.1000072583556,39695.40054680407,36695.40054680407
1,Neocortex C.25Sep15,S1.E18,40000,ML297+CCh,1956.99609375,2028.765625,"DAC0: PulseB 300 [1000,3000];",/Volumes/Assets/Edward/Data/Traces/2015/09.September/Data 25 Sep 2015/Neocortex C.25Sep15.S1.E18.dat,1,False,,,,1000.0,3000.0,300.0,pulseB,37000.0,StimulusA,A,89,3664.3000098988414,39943.40055049956,36943.40055049956
1,Neocortex C.25Sep15,S1.E19,40000,ML297+CCh,2037.4609375,2109.23046875,"DAC0: PulseB 300 [1000,3000];",/Volumes/Assets/Edward/Data/Traces/2015/09.September/Data 25 Sep 2015/Neocortex C.25Sep15.S1.E19.dat,1,False,,,,1000.0,3000.0,300.0,pulseB,37000.0,StimulusA,A,109,3540.2000080496073,39852.70054914802,36852.70054914802
1,Neocortex C.25Sep15,S1.E20,40000,ML297+CCh,2119.84375,2191.61328125,"DAC0: PulseB 300 [1000,3000];",/Volumes/Assets/Edward/Data/Traces/2015/09.September/Data 25 Sep 2015/Neocortex C.25Sep15.S1.E20.dat,1,False,,,,1000.0,3000.0,300.0,pulseB,37000.0,StimulusA,A,97,3423.5000063106418,39939.10055043548,36939.10055043548
1,Neocortex C.25Sep15,S1.E21,40000,ML297+CCh,2195.07421875,2266.84375,"DAC0: PulseB 300 [1000,3000];",/Volumes/Assets/Edward/Data/Traces/2015/09.September/Data 25 Sep 2015/Neocortex C.25Sep15.S1.E21.dat,1,False,,,,1000.0,3000.0,300.0,pulseB,37000.0,StimulusA,A,102,3624.6000093072653,39721.90054719895,36721.90054719895
1,Neocortex C.25Sep15,S1.E22,40000,ML297+CCh,2282.6484375,2354.41796875,"DAC0: PulseB 300 [1000,3000];",/Volumes/Assets/Edward/Data/Traces/2015/09.September/Data 25 Sep 2015/Neocortex C.25Sep15.S1.E22.dat,1,False,,,,1000.0,3000.0,300.0,pulseB,37000.0,StimulusA,A,87,3000.800000011921,39806.00054845214,36806.00054845214
1,Neocortex C.25Sep15,S1.E23,40000,ML297+CCh,2359.41015625,2431.1796875,"DAC0: PulseB 300 [1000,3000];",/Volumes/Assets/Edward/Data/Traces/2015/09.September/Data 25 Sep 2015/Neocortex C.25Sep15.S1.E23.dat,1,False,,,,1000.0,3000.0,300.0,pulseB,37000.0,StimulusA,A,39,3381.0000056773424,38732.40053245425,35732.40053245425
1,Neocortex C.28Mar16,S1.E13,40000,,701.84375,937.58984375,"DAC0: PulseB 300 [1000,3000];",/Volumes/Assets/Edward/Data/Traces/2016/03.March/Data 28 Mar 2016/Neocortex C.28Mar16.S1.E13.dat,1,False,,,,1000.0,3000.0,300.0,pulseB,37000.0,StimulusA,A,207,3211.4000031501055,39894.80054977536,36894.80054977536
1,Neocortex C.28Mar16,S1.E14,40000,,782.5234375,1018.26953125,"DAC0: PulseB 300 [1000,3000];",/Volumes/Assets/Edward/Data/Traces/2016/03.March/Data 28 Mar 2016/Neocortex C.28Mar16.S1.E14.dat,1,False,,,,1000.0,3000.0,300.0,pulseB,37000.0,StimulusA,A,162,3236.000003516674,39878.60054953396,36878.60054953396
1,Neocortex C.28Mar16,S1.E15,40000,,948.42578125,1184.171875,"DAC0: PulseB 300 [1000,3000];",/Volumes/Assets/Edward/Data/Traces/2016/03.March/Data 28 Mar 2016/Neocortex C.28Mar16.S1.E15.dat,1,False,,,,1000.0,3000.0,300.0,pulseB,37000.0,StimulusA,A,192,3212.900003172457,39971.70055092126,36971.70055092126
1,Neocortex D.04Sep15,S1.E15,50000,ML297+CCh,1539.91015625,1610.37109375,"DAC0: PulseB 125 [1000,3000];",/Volumes/Assets/Edward/Data/Traces/2015/09.September/Data 4 Sep 2015/Neocortex D.04Sep15.S1.E15.dat,1,False,,,,1000.0,3000.0,125.0,pulseB,47000.0,StimulusA,A,245,3180.100002683699,49833.70069787651,46833.70069787651
1,Neocortex D.04Sep15,S1.E16,50000,ML297+CCh,1674.20703125,1744.66796875,"DAC0: PulseB 125 [1000,3000];",/Volumes/Assets/Edward/Data/Traces/2015/09.September/Data 4 Sep 2015/Neocortex D.04Sep15.S1.E16.dat,1,False,,,,1000.0,3000.0,125.0,pulseB,47000.0,StimulusA,A,248,3203.200003027916,49849.80069811642,46849.80069811642
1,Neocortex D.04Sep15,S1.E17,50000,ML297+CCh,1872.65234375,1943.11328125,"DAC0: PulseB 125 [1000,3000];",/Volumes/Assets/Edward/Data/Traces/2015/09.September/Data 4 Sep 2015/Neocortex D.04Sep15.S1.E17.dat,1,False,,,,1000.0,3000.0,125.0,pulseB,47000.0,StimulusA,A,294,3122.9000018313527,49895.700698800385,46895.700698800385
1,Neocortex D.04Sep15,S1.E19,50000,ML297+CCh,2097.2890625,2167.75,"DAC0: PulseB 100 [1000,3000];",/Volumes/Assets/Edward/Data/Traces/2015/09.September/Data 4 Sep 2015/Neocortex D.04Sep15.S1.E19.dat,1,False,,,,1000.0,3000.0,100.0,pulseB,47000.0,StimulusA,A,297,3098.200001463294,49904.800698935986,46904.800698935986
1,Neocortex D.05Aug16,S1.E106,40000,2uM CCh,1039.59375,1763.65625,"DAC0: PulseB 300 [1000,3000];",/Volumes/Assets/Edward/Data/Traces/2016/08.August/Data 5 Aug 2016/Neocortex D.05Aug16.S1.E106.dat,1,False,,,,1000.0,3000.0,300.0,pulseB,37000.0,StimulusA,A,252,3374.0000055730343,39935.40055038035,36935.40055038035
1,Neocortex D.05Dec18,S1.E5,25000,2uM CCh + 2/3uM ML297,899.953125,985.72265625,"DAC0: PulseA -50 [200,1000];PulseB 200 [2000,4000];",/Volumes/Assets/Edward/Data/Traces/2018/12.December/Data 5 Dec 2018/Neocortex D.05Dec18.S1.E5.dat,1,True,200.0,1000.0,-50.0,2000.0,4000.0,200.0,pulseB,21000.0,StimulusA,A,68,4562.300008378923,24918.00031170249,20918.00031170249
1,Neocortex D.05Dec18,S1.E6,25000,2uM CCh + 2/3uM ML297,1041.484375,1127.25390625,"DAC0: PulseA -50 [200,1000];PulseB 200 [2000,4000];",/Volumes/Assets/Edward/Data/Traces/2018/12.December/Data 5 Dec 2018/Neocortex D.05Dec18.S1.E6.dat,1,True,200.0,1000.0,-50.0,2000.0,4000.0,200.0,pulseB,21000.0,StimulusA,A,64,4617.800009205937,24888.600311264396,20888.600311264396
1,Neocortex D.05Dec18,S1.E20,25000,2uM CCh + 2/3uM ML297,2187.109375,2272.87890625,"DAC0: PulseA -50 [200,1000];PulseB 200 [2000,4000];",/Volumes/Assets/Edward/Data/Traces/2018/12.December/Data 5 Dec 2018/Neocortex D.05Dec18.S1.E20.dat,1,True,200.0,1000.0,-50.0,2000.0,4000.0,200.0,pulseB,21000.0,StimulusA,A,46,4857.3000127747655,24685.80030824244,20685.80030824244
1,Neocortex D.05Dec18,S1.E21,25000,2uM CCh + 2/3uM ML297,2252.12109375,2337.890625,"DAC0: PulseA -50 [200,1000];PulseB 200 [2000,4000];",/Volumes/Assets/Edward/Data/Traces/2018/12.December/Data 5 Dec 2018/Neocortex D.05Dec18.S1.E21.dat,1,True,200.0,1000.0,-50.0,2000.0,4000.0,200.0,pulseB,21000.0,StimulusA,A,32,5030.600015357137,24648.400307685137,20648.400307685137
1,Neocortex D.05Dec18,S1.E22,25000,2uM CCh + 2/3uM ML297,2387.7109375,2473.48046875,"DAC0: PulseA -50 [200,1000];PulseB 200 [2000,4000];",/Volumes/Assets/Edward/Data/Traces/2018/12.December/Data 5 Dec 2018/Neocortex D.05Dec18.S1.E22.dat,1,True,200.0,1000.0,-50.0,2000.0,4000.0,200.0,pulseB,21000.0,StimulusA,A,58,4742.700011067092,24981.800312653184,20981.800312653184
1,Neocortex D.05Dec18,S1.E23,25000,2uM CCh + 2/3uM ML297,2529.19140625,2614.9609375,"DAC0: PulseA -50 [200,1000];PulseB 200 [2000,4000];",/Volumes/Assets/Edward/Data/Traces/2018/12.December/Data 5 Dec 2018/Neocortex D.05Dec18.S1.E23.dat,1,True,200.0,1000.0,-50.0,2000.0,4000.0,200.0,pulseB,21000.0,StimulusA,A,71,4610.000009089708,24961.10031234473,20961.10031234473
1,Neocortex D.05Dec18,S1.E27,25000,2uM CCh + 2/3uM ML297,3000.98046875,3086.75,"DAC0: PulseA -50 [200,1000];PulseB 200 [2000,4000];",/Volumes/Assets/Edward/Data/Traces/2018/12.December/Data 5 Dec 2018/Neocortex D.05Dec18.S1.E27.dat,1,True,200.0,1000.0,-50.0,2000.0,4000.0,200.0,pulseB,21000.0,StimulusA,A,79,4577.700008608401,24983.900312684476,20983.900312684476
1,Neocortex D.05Dec18,S1.E30,25000,2uM CCh + 2/3uM ML297,3376.6015625,3462.37109375,"DAC0: PulseA -50 [200,1000];PulseB 200 [2000,4000];",/Volumes/Assets/Edward/Data/Traces/2018/12.December/Data 5 Dec 2018/Neocortex D.05Dec18.S1.E30.dat,1,True,200.0,1000.0,-50.0,2000.0,4000.0,200.0,pulseB,21000.0,StimulusA,A,43,4783.80001167953,24652.40030774474,20652.40030774474
1,Neocortex D.05Dec18,S1.E32,25000,2uM CCh + 2/3uM ML297,3691.16015625,3776.9296875,"DAC0: PulseA -50 [200,1000];PulseB 200 [2000,4000];",/Volumes/Assets/Edward/Data/Traces/2018/12.December/Data 5 Dec 2018/Neocortex D.05Dec18.S1.E32.dat,1,True,200.0,1000.0,-50.0,2000.0,4000.0,200.0,pulseB,21000.0,StimulusA,A,78,4513.000007644296,24903.700311489403,20903.700311489403
1,Neocortex D.05Dec18,S1.E44,25000,2uM CCh + 2/3uM ML297,5028.0625,5113.83203125,"DAC0: PulseA -50 [200,1000];PulseB 200 [2000,4000];",/Volumes/Assets/Edward/Data/Traces/2018/12.December/Data 5 Dec 2018/Neocortex D.05Dec18.S1.E44.dat,1,True,200.0,1000.0,-50.0,2000.0,4000.0,200.0,pulseB,21000.0,StimulusA,A,48,4920.000013709068,24800.300309948623,20800.300309948623
1,Neocortex D.06Jul18,S1.E4,50000,2uM CCh + 2/3uM ML297,592.2578125,807.2578125,"DAC0: PulseA -50 [200,1000];PulseB 200 [2000,4000];",/Volumes/Assets/Edward/Data/Traces/2018/07.July/Data 6 Jul 2018/Neocortex D.06Jul18.S1.E4.dat,1,True,200.0,1000.0,-50.0,2000.0,4000.0,200.0,pulseB,46000.0,StimulusA,A,187,4470.800007015467,49887.700683780015,45887.700683780015
1,Neocortex D.06Jul18,S1.E8,50000,2uM CCh + 2/3uM ML297,997.03125,1212.03125,"DAC0: PulseA -50 [200,1000];PulseB 200 [2000,4000];",/Volumes/Assets/Edward/Data/Traces/2018/07.July/Data 6 Jul 2018/Neocortex D.06Jul18.S1.E8.dat,1,True,200.0,1000.0,-50.0,2000.0,4000.0,200.0,pulseB,46000.0,StimulusA,A,371,4271.800004050136,49947.800684675574,45947.800684675574
1,Neocortex D.06Jul18,S1.E10,50000,2uM CCh + 2/3uM ML297,1238.5,1453.5,"DAC0: PulseA -50 [200,1000];PulseB 200 [2000,4000];",/Volumes/Assets/Edward/Data/Traces/2018/07.July/Data 6 Jul 2018/Neocortex D.06Jul18.S1.E10.dat,1,True,200.0,1000.0,-50.0,2000.0,4000.0,200.0,pulseB,46000.0,StimulusA,A,360,4001.1000000163913,49903.80068401992,45903.80068401992
1,Neocortex D.06Jul18,S1.E13,50000,2uM CCh + 2/3uM ML297,1585.9609375,1800.9609375,"DAC0: PulseA -50 [200,1000];PulseB 200 [2000,4000];",/Volumes/Assets/Edward/Data/Traces/2018/07.July/Data 6 Jul 2018/Neocortex D.06Jul18.S1.E13.dat,1,True,200.0,1000.0,-50.0,2000.0,4000.0,200.0,pulseB,46000.0,StimulusA,A,456,4250.900003738701,49972.8006850481,45972.8006850481
1,Neocortex D.06Jul18,S1.E15,50000,2uM CCh + 2/3uM ML297,1872.25,2087.25,"DAC0: PulseA -50 [200,1000];PulseB 200 [2000,4000];",/Volumes/Assets/Edward/Data/Traces/2018/07.July/Data 6 Jul 2018/Neocortex D.06Jul18.S1.E15.dat,1,True,200.0,1000.0,-50.0,2000.0,4000.0,200.0,pulseB,46000.0,StimulusA,A,362,4493.800007358193,49946.30068465322,45946.30068465322
1,Neocortex D.06Jul18,S1.E19,50000,2uM CCh + 2/3uM ML297,2252.6015625,2467.6015625,"DAC0: PulseA -50 [200,1000];PulseB 200 [2000,4000];",/Volumes/Assets/Edward/Data/Traces/2018/07.July/Data 6 Jul 2018/Neocortex D.06Jul18.S1.E19.dat,1,True,200.0,1000.0,-50.0,2000.0,4000.0,200.0,pulseB,46000.0,StimulusA,A,470,4264.900003947318,49892.00068384409,45892.00068384409
1,Neocortex D.07Dec18,S1.E8,25000,2uM CCh + 2/3uM ML297,658.69140625,766.23046875,"DAC0: PulseA -50 [200,1000];PulseB 300 [2000,4000];  200ms Delay 250Stop -100pA",/Volumes/Assets/Edward/Data/Traces/2018/12.December/Data 7 Dec 2018/Neocortex D.07Dec18.S1.E8.dat,1,True,200.0,1000.0,-50.0,2000.0,4000.0,300.0,pulseB,21000.0,StimulusA,A,74,4511.300007618964,24831.50031041354,20831.50031041354
1,Neocortex D.07Dec18,S1.E12,25000,2uM CCh + 2/3uM ML297,950.87109375,1058.41015625,"DAC0: PulseA -50 [200,1000];PulseB 300 [2000,4000];",/Volumes/Assets/Edward/Data/Traces/2018/12.December/Data 7 Dec 2018/Neocortex D.07Dec18.S1.E12.dat,1,True,200.0,1000.0,-50.0,2000.0,4000.0,300.0,pulseB,21000.0,StimulusA,A,80,4526.700007848442,24963.100312374532,20963.100312374532
1,Neocortex D.07Dec18,S1.E33,25000,2uM CCh + 2/3uM ML297,3100.76171875,3208.30078125,"DAC0: PulseA -50 [200,1000];PulseB 300 [2000,4000];",/Volumes/Assets/Edward/Data/Traces/2018/12.December/Data 7 Dec 2018/Neocortex D.07Dec18.S1.E33.dat,1,True,200.0,1000.0,-50.0,2000.0,4000.0,300.0,pulseB,21000.0,StimulusA,A,77,4604.000009000301,24723.000308796763,20723.000308796763
1,Neocortex D.08Apr19,S1.E3,25000,2uM CCh + 2/3uM ML297,135.55078125,156.96875,"DAC0: PulseA -50 [200,1000];PulseB 200 [2000,4000];",/Volumes/Assets/Edward/Data/Traces/2019/04.April/Data 8 Apr 2019/Neocortex D.08Apr19.S1.E3.dat,1,True,200.0,1000.0,-50.0,2000.0,4000.0,200.0,pulseB,21000.0,StimulusA,A,73,4412.500006146729,24612.400307148695,20612.400307148695
1,Neocortex D.08Apr19,S1.E11,25000,2uM CCh + 2/3uM ML297,731.90234375,753.3203125,"DAC0: PulseA -50 [200,1000];PulseB 200 [2000,4000];",/Volumes/Assets/Edward/Data/Traces/2019/04.April/Data 8 Apr 2019/Neocortex D.08Apr19.S1.E11.dat,1,True,200.0,1000.0,-50.0,2000.0,4000.0,200.0,pulseB,21000.0,StimulusA,A,102,4394.0000058710575,24909.60031157732,20909.60031157732
1,Neocortex D.08Apr19,S1.E17,25000,2uM CCh + 2/3uM ML297,1095.28125,1116.69921875,"DAC0: PulseA -50 [200,1000];PulseB 200 [2000,4000];",/Volumes/Assets/Edward/Data/Traces/2019/04.April/Data 8 Apr 2019/Neocortex D.08Apr19.S1.E17.dat,1,True,200.0,1000.0,-50.0,2000.0,4000.0,200.0,pulseB,21000.0,StimulusA,A,96,4485.600007236004,24973.600312530994,20973.600312530994
1,Neocortex D.08Apr19,S2.E1,25000,2uM CCh + 2/3uM ML297,1503.44921875,1524.8671875,"DAC0: PulseA -50 [200,1000];PulseB 200 [2000,4000];",/Volumes/Assets/Edward/Data/Traces/2019/04.April/Data 8 Apr 2019/Neocortex D.08Apr19.S2.E1.dat,1,True,200.0,1000.0,-50.0,2000.0,4000.0,200.0,pulseB,21000.0,StimulusA,A,65,4776.100011564791,24920.200311735272,20920.200311735272
1,Neocortex D.09Mar18,S1.E7,50000,2uM CCh + 2/3uM ML297,685.109375,818.84765625,"DAC0: PulseA -50 [200,1000];PulseB 300 [2000,4000];",/Volumes/Assets/Edward/Data/Traces/2018/03.March/Data 9 Mar 2018/Neocortex D.09Mar18.S1.E7.dat,1,True,200.0,1000.0,-50.0,2000.0,4000.0,300.0,pulseB,46000.0,StimulusA,A,322,4288.500004298985,49848.30068319291,45848.30068319291
1,Neocortex D.09Mar18,S1.E17,50000,2uM CCh + 2/3uM ML297,1643.72265625,1777.4609375,"DAC0: PulseA -50 [200,1000];PulseB 300 [2000,4000];",/Volumes/Assets/Edward/Data/Traces/2018/03.March/Data 9 Mar 2018/Neocortex D.09Mar18.S1.E17.dat,1,True,200.0,1000.0,-50.0,2000.0,4000.0,300.0,pulseB,46000.0,StimulusA,A,442,4219.000003263354,49983.100685201585,45983.100685201585
1,Neocortex D.09Mar18,S1.E32,50000,2uM CCh + 2/3uM ML297,2430.3515625,2564.08984375,"DAC0: PulseA -50 [200,1000];PulseB 300 [2000,4000];",/Volumes/Assets/Edward/Data/Traces/2018/03.March/Data 9 Mar 2018/Neocortex D.09Mar18.S1.E32.dat,1,True,200.0,1000.0,-50.0,2000.0,4000.0,300.0,pulseB,46000.0,StimulusA,A,430,4270.300004027784,49995.00068537891,45995.00068537891
1,Neocortex D.09Oct15,S1.E13,50000,ML297+CCh,1876.59375,1949.09375,"DAC0: PulseB 200 [1000,3000];",/Volumes/Assets/Edward/Data/Traces/2015/10.October/Data 9 Oct 2015/Neocortex D.09Oct15.S1.E13.dat,1,False,,,,1000.0,3000.0,200.0,pulseB,47000.0,StimulusA,A,115,3662.200009867549,49967.90069987625,46967.90069987625
1,Neocortex D.09Oct15,S1.E14,50000,ML297+CCh,2002.0078125,2074.5078125,"DAC0: PulseB 150 [1000,3000];",/Volumes/Assets/Edward/Data/Traces/2015/10.October/Data 9 Oct 2015/Neocortex D.09Oct15.S1.E14.dat,1,False,,,,1000.0,3000.0,150.0,pulseB,47000.0,StimulusA,A,114,3478.3000071272254,49733.100696377456,46733.100696377456
1,Neocortex D.09Oct15,S1.E15,50000,ML297+CCh,2113.17578125,2185.67578125,"DAC0: PulseB 150 [1000,3000];",/Volumes/Assets/Edward/Data/Traces/2015/10.October/Data 9 Oct 2015/Neocortex D.09Oct15.S1.E15.dat,1,False,,,,1000.0,3000.0,150.0,pulseB,47000.0,StimulusA,A,112,3516.5000076964498,49672.800695478916,46672.800695478916
1,Neocortex D.10Feb16,S1.E15,50000,,433.05078125,515.25,"DAC0: PulseB 200 [1000,3000];",/Volumes/Assets/Edward/Data/Traces/2016/02.February/Data 10 Feb 2016/Neocortex D.10Feb16.S1.E15.dat,1,False,,,,1000.0,3000.0,200.0,pulseB,47000.0,StimulusA,A,324,3320.8000047802925,49885.50069864839,46885.50069864839
1,Neocortex D.10Feb16,S1.E19,50000,,1127.44140625,1209.640625,"DAC0: PulseB 200 [1000,3000];",/Volumes/Assets/Edward/Data/Traces/2016/02.February/Data 10 Feb 2016/Neocortex D.10Feb16.S1.E19.dat,1,False,,,,1000.0,3000.0,200.0,pulseB,47000.0,StimulusA,A,241,3000.6000000089407,49904.700698934495,46904.700698934495
1,Neocortex D.10Feb16,S1.E20,50000,,1267.54296875,1349.7421875,"DAC0: PulseB 200 [1000,3000];",/Volumes/Assets/Edward/Data/Traces/2016/02.February/Data 10 Feb 2016/Neocortex D.10Feb16.S1.E20.dat,1,False,,,,1000.0,3000.0,200.0,pulseB,47000.0,StimulusA,A,263,3291.7000043466687,49871.70069844276,46871.70069844276
1,Neocortex D.10Jul18,S1.E5,50000,2uM CCh + 2/3uM ML297,671.54296875,783.5234375,"DAC0: PulseA -50 [200,1000];PulseB 200 [2000,4000];",/Volumes/Assets/Edward/Data/Traces/2018/07.July/Data 10 Jul 2018/Neocortex D.10Jul18.S1.E5.dat,1,True,200.0,1000.0,-50.0,2000.0,4000.0,200.0,pulseB,46000.0,StimulusA,A,135,4002.0000000298023,49829.10068290681,45829.10068290681
1,Neocortex D.10Jul18,S1.E7,50000,2uM CCh + 2/3uM ML297,855.83984375,967.8203125,"DAC0: PulseA -50 [200,1000];PulseB 200 [2000,4000];",/Volumes/Assets/Edward/Data/Traces/2018/07.July/Data 10 Jul 2018/Neocortex D.10Jul18.S1.E7.dat,1,True,200.0,1000.0,-50.0,2000.0,4000.0,200.0,pulseB,46000.0,StimulusA,A,261,4472.400007039309,49927.10068436712,45927.10068436712
1,Neocortex D.10Jul18,S1.E29,50000,2uM CCh + 2/3uM ML297,3325.89453125,3437.875,"DAC0: PulseA -50 [200,1000];PulseB 200 [2000,4000];",/Volumes/Assets/Edward/Data/Traces/2018/07.July/Data 10 Jul 2018/Neocortex D.10Jul18.S1.E29.dat,1,True,200.0,1000.0,-50.0,2000.0,4000.0,200.0,pulseB,46000.0,StimulusA,A,395,4321.500004790723,49940.500684566796,45940.500684566796
1,Neocortex D.10Jul18,S1.E33,50000,2uM CCh + 2/3uM ML297,3949.59765625,4061.578125,"DAC0: PulseA -50 [200,1000];PulseB 200 [2000,4000];",/Volumes/Assets/Edward/Data/Traces/2018/07.July/Data 10 Jul 2018/Neocortex D.10Jul18.S1.E33.dat,1,True,200.0,1000.0,-50.0,2000.0,4000.0,200.0,pulseB,46000.0,StimulusA,A,385,4332.200004950166,49967.8006849736,45967.8006849736
1,Neocortex D.12Dec18,S1.E6,25000,2uM CCh + 2/3uM ML297,433.0703125,479.40234375,"DAC0: PulseA -50 [200,1000];PulseB 250 [2000,4000];",/Volumes/Assets/Edward/Data/Traces/2018/12.December/Data 12 Dec 2018/Neocortex D.12Dec18.S1.E6.dat,1,True,200.0,1000.0,-50.0,2000.0,4000.0,250.0,pulseB,21000.0,StimulusA,A,102,4456.70000680536,24824.50031030923,20824.50031030923
1,Neocortex D.12Dec18,S1.E17,25000,2uM CCh + 2/3uM ML297,1289.46875,1335.80078125,"DAC0: PulseA -50 [200,1000];PulseB 250 [2000,4000];",/Volumes/Assets/Edward/Data/Traces/2018/12.December/Data 12 Dec 2018/Neocortex D.12Dec18.S1.E17.dat,1,True,200.0,1000.0,-50.0,2000.0,4000.0,250.0,pulseB,21000.0,StimulusA,A,92,4733.3000109270215,24949.100312165916,20949.100312165916
1,Neocortex D.12Dec18,S1.E18,25000,2uM CCh + 2/3uM ML297,1342.48046875,1388.8125,"DAC0: PulseA -50 [200,1000];PulseB 250 [2000,4000];",/Volumes/Assets/Edward/Data/Traces/2018/12.December/Data 12 Dec 2018/Neocortex D.12Dec18.S1.E18.dat,1,True,200.0,1000.0,-50.0,2000.0,4000.0,250.0,pulseB,21000.0,StimulusA,A,51,5041.70001552254,24758.300309322774,20758.300309322774
1,Neocortex D.12Dec18,S1.E22,25000,2uM CCh + 2/3uM ML297,1539.640625,1585.97265625,"DAC0: PulseA -50 [200,1000];PulseB 250 [2000,4000]; TTL1: Puff 20800.0ms",/Volumes/Assets/Edward/Data/Traces/2018/12.December/Data 12 Dec 2018/Neocortex D.12Dec18.S1.E22.dat,1,True,200.0,1000.0,-50.0,2000.0,4000.0,250.0,pulseB,21000.0,StimulusA,A,102,4512.300007633865,24900.40031144023,20900.40031144023
1,Neocortex D.13Jul18,S1.E6,50000,2uM CCh + 2/3uM ML297,920.55078125,1093.44140625,"DAC0: PulseA -75 [200,1000];PulseB 300 [4000,6000];",/Volumes/Assets/Edward/Data/Traces/2018/07.July/Data 13 Jul 2018/Neocortex D.13Jul18.S1.E6.dat,1,True,200.0,1000.0,-75.0,4000.0,6000.0,300.0,pulseB,44000.0,StimulusA,A,450,6350.400005221367,49918.70065443963,43918.70065443963
1,Neocortex D.13Jul18,S1.E8,50000,2uM CCh + 2/3uM ML297,1149.08984375,1321.98046875,"DAC0: PulseA -100 [200,1000];PulseB 300 [4000,6000];",/Volumes/Assets/Edward/Data/Traces/2018/07.July/Data 13 Jul 2018/Neocortex D.13Jul18.S1.E8.dat,1,True,200.0,1000.0,-100.0,4000.0,6000.0,300.0,pulseB,44000.0,StimulusA,A,501,6229.700003422797,49984.400655418634,43984.400655418634
1,Neocortex D.16Mar16,S1.E12,50000,ML297+CCh,1173.8828125,1252.09375,"DAC0: PulseB 300 [1000,3000];",/Volumes/Assets/Edward/Data/Traces/2016/03.March/Data 16 Mar 2016/Neocortex D.16Mar16.S1.E12.dat,1,False,,,,1000.0,3000.0,300.0,pulseB,47000.0,StimulusA,A,309,4460.600021764636,49908.80069899559,46908.80069899559
1,Neocortex D.16Mar16,S1.E13,50000,ML297+CCh,1366.90234375,1445.11328125,"DAC0: PulseB 300 [1000,3000];",/Volumes/Assets/Edward/Data/Traces/2016/03.March/Data 16 Mar 2016/Neocortex D.16Mar16.S1.E13.dat,1,False,,,,1000.0,3000.0,300.0,pulseB,47000.0,StimulusA,A,332,4278.100019045174,49914.10069907457,46914.10069907457
1,Neocortex D.18Sep15,S1.E17,40000,ML297+CCh,2035.71484375,2189.61328125,"DAC0: PulseB 100 [1000,3000];",/Volumes/Assets/Edward/Data/Traces/2015/09.September/Data 18 Sep 2015/Neocortex D.18Sep15.S1.E17.dat,1,False,,,,1000.0,3000.0,100.0,pulseB,37000.0,StimulusA,A,309,3304.4000045359135,39930.700550310314,36930.700550310314
1,Neocortex D.18Sep15,S1.E18,40000,ML297+CCh,3026.73828125,3180.63671875,"DAC0: PulseB 100 [1000,3000];",/Volumes/Assets/Edward/Data/Traces/2015/09.September/Data 18 Sep 2015/Neocortex D.18Sep15.S1.E18.dat,1,False,,,,1000.0,3000.0,100.0,pulseB,37000.0,StimulusA,A,401,3157.3000023439527,39930.800550311804,36930.800550311804
1,Neocortex D.19Nov18,S1.E8,40000,2uM CCh + 2/3uM ML297,716.140625,790.44921875,"DAC0: PulseA -50 [200,1000];PulseB 250 [2000,4000];",/Volumes/Assets/Edward/Data/Traces/2018/11.November/Data 19 Nov 2018/Neocortex D.19Nov18.S1.E8.dat,1,True,200.0,1000.0,-50.0,2000.0,4000.0,250.0,pulseB,36000.0,StimulusA,A,201,4399.400005951524,39928.50053537637,35928.50053537637
1,Neocortex D.19Nov18,S1.E16,40000,2uM CCh + 2/3uM ML297,1752.11328125,1826.421875,"DAC0: PulseA -50 [200,1000];PulseB 250 [2000,4000];",/Volumes/Assets/Edward/Data/Traces/2018/11.November/Data 19 Nov 2018/Neocortex D.19Nov18.S1.E16.dat,1,True,200.0,1000.0,-50.0,2000.0,4000.0,250.0,pulseB,36000.0,StimulusA,A,276,4316.100004710257,39970.40053600073,35970.40053600073
1,Neocortex D.19Nov18,S1.E26,40000,2uM CCh + 2/3uM ML297,2838.50390625,2912.8125,"DAC0: PulseA -50 [200,1000];PulseB 250 [2000,4000];",/Volumes/Assets/Edward/Data/Traces/2018/11.November/Data 19 Nov 2018/Neocortex D.19Nov18.S1.E26.dat,1,True,200.0,1000.0,-50.0,2000.0,4000.0,250.0,pulseB,36000.0,StimulusA,A,284,4335.80000500381,39967.000535950065,35967.000535950065
1,Neocortex D.20Aug18,S1.E8,50000,2uM CCh + 2/3uM ML297,871.58203125,1406.67578125,"DAC0: PulseA -50 [200,1000];PulseB 400 [2000,4000];",/Volumes/Assets/Edward/Data/Traces/2018/08.August/Data 20 Aug 2018/Neocortex D.20Aug18.S1.E8.dat,1,True,200.0,1000.0,-50.0,2000.0,4000.0,400.0,pulseB,46000.0,StimulusA,A,125,4395.100005887449,49627.70067990571,45627.70067990571
1,Neocortex D.20Aug18,S1.E9,50000,2uM CCh + 2/3uM ML297,1036.51171875,1571.60546875,"DAC0: PulseA -50 [200,1000];PulseB 400 [2000,4000];",/Volumes/Assets/Edward/Data/Traces/2018/08.August/Data 20 Aug 2018/Neocortex D.20Aug18.S1.E9.dat,1,True,200.0,1000.0,-50.0,2000.0,4000.0,400.0,pulseB,46000.0,StimulusA,A,164,4429.600006401539,49731.000681445,45731.000681445
1,Neocortex D.20Aug18,S1.E12,50000,2uM CCh + 2/3uM ML297,1311.1796875,1846.2734375,"DAC0: PulseA -50 [200,1000];PulseB 400 [2000,4000];",/Volumes/Assets/Edward/Data/Traces/2018/08.August/Data 20 Aug 2018/Neocortex D.20Aug18.S1.E12.dat,1,True,200.0,1000.0,-50.0,2000.0,4000.0,400.0,pulseB,46000.0,StimulusA,A,184,4359.600005358458,49766.900681979954,45766.900681979954
1,Neocortex D.20Aug18,S1.E16,50000,2uM CCh + 2/3uM ML297,1837.16015625,2372.25390625,"DAC0: PulseA -50 [200,1000];PulseB 400 [2000,4000];",/Volumes/Assets/Edward/Data/Traces/2018/08.August/Data 20 Aug 2018/Neocortex D.20Aug18.S1.E16.dat,1,True,200.0,1000.0,-50.0,2000.0,4000.0,400.0,pulseB,46000.0,StimulusA,A,156,4426.100006349385,49796.20068241656,45796.20068241656
1,Neocortex D.20Nov18,S1.E9,40000,2uM CCh + 2/3uM ML297,333.703125,529.01953125,"DAC0: PulseA -50 [200,1000];PulseB 200 [2000,4000];",/Volumes/Assets/Edward/Data/Traces/2018/11.November/Data 20 Nov 2018/Neocortex D.20Nov18.S1.E9.dat,1,True,200.0,1000.0,-50.0,2000.0,4000.0,200.0,pulseB,36000.0,StimulusA,A,202,4361.50000538677,39958.500535823405,35958.500535823405
1,Neocortex D.20Nov18,S1.E16,40000,2uM CCh + 2/3uM ML297,1251.5625,1446.87890625,"DAC0: PulseA -50 [200,1000];PulseB 200 [2000,4000];",/Volumes/Assets/Edward/Data/Traces/2018/11.November/Data 20 Nov 2018/Neocortex D.20Nov18.S1.E16.dat,1,True,200.0,1000.0,-50.0,2000.0,4000.0,200.0,pulseB,36000.0,StimulusA,A,167,4392.800005853176,39925.300535328686,35925.300535328686
1,Neocortex D.20Nov18,S1.E31,40000,2uM CCh + 2/3uM ML297,3186.39453125,3381.7109375,"DAC0: PulseA -50 [200,1000];PulseB 200 [2000,4000];",/Volumes/Assets/Edward/Data/Traces/2018/11.November/Data 20 Nov 2018/Neocortex D.20Nov18.S1.E31.dat,1,True,200.0,1000.0,-50.0,2000.0,4000.0,200.0,pulseB,36000.0,StimulusA,A,179,4229.300003416836,39968.100535966456,35968.100535966456
1,Neocortex D.23Jan19,S1.E7,25000,2uM CCh + 2/3uM ML297,780.8515625,837.98828125,"DAC0: PulseA -50 [200,1000];PulseB 150 [2000,4000];",/Volumes/Assets/Edward/Data/Traces/2019/01.January/Data 23 Jan 2019/Neocortex D.23Jan19.S1.E7.dat,1,True,200.0,1000.0,-50.0,2000.0,4000.0,150.0,pulseB,21000.0,StimulusA,A,89,4496.600007399917,24967.300312437117,20967.300312437117
1,Neocortex D.23Jan19,S1.E9,25000,2uM CCh + 2/3uM ML297,928.09375,985.23046875,"DAC0: PulseA -50 [200,1000];PulseB 150 [2000,4000];",/Volumes/Assets/Edward/Data/Traces/2019/01.January/Data 23 Jan 2019/Neocortex D.23Jan19.S1.E9.dat,1,True,200.0,1000.0,-50.0,2000.0,4000.0,150.0,pulseB,21000.0,StimulusA,A,43,4545.500008128583,24524.300305835903,20524.300305835903
1,Neocortex D.23Jan19,S1.E10,25000,2uM CCh + 2/3uM ML297,1023.36328125,1080.5,"DAC0: PulseA -50 [200,1000];PulseB 150 [2000,4000];",/Volumes/Assets/Edward/Data/Traces/2019/01.January/Data 23 Jan 2019/Neocortex D.23Jan19.S1.E10.dat,1,True,200.0,1000.0,-50.0,2000.0,4000.0,150.0,pulseB,21000.0,StimulusA,A,57,4518.700007729232,24996.20031286776,20996.20031286776
1,Neocortex D.23Jan19,S1.E11,25000,2uM CCh + 2/3uM ML297,1183.68359375,1240.8203125,"DAC0: PulseA -50 [200,1000];PulseB 200 [2000,4000];",/Volumes/Assets/Edward/Data/Traces/2019/01.January/Data 23 Jan 2019/Neocortex D.23Jan19.S1.E11.dat,1,True,200.0,1000.0,-50.0,2000.0,4000.0,200.0,pulseB,21000.0,StimulusA,A,56,4586.800008744001,24947.800312146544,20947.800312146544
1,Neocortex D.23Jan19,S1.E14,25000,2uM CCh + 2/3uM ML297,1582.08203125,1639.21875,"DAC0: PulseA -50 [200,1000];PulseB 150 [2000,4000];",/Volumes/Assets/Edward/Data/Traces/2019/01.January/Data 23 Jan 2019/Neocortex D.23Jan19.S1.E14.dat,1,True,200.0,1000.0,-50.0,2000.0,4000.0,150.0,pulseB,21000.0,StimulusA,A,98,4381.300005681813,24766.700309447944,20766.700309447944
1,Neocortex D.23Jan19,S1.E17,25000,2uM CCh + 2/3uM ML297,1944.36328125,2001.5,"DAC0: PulseA -50 [200,1000];PulseB 150 [2000,4000];",/Volumes/Assets/Edward/Data/Traces/2019/01.January/Data 23 Jan 2019/Neocortex D.23Jan19.S1.E17.dat,1,True,200.0,1000.0,-50.0,2000.0,4000.0,150.0,pulseB,21000.0,StimulusA,A,119,4393.200005859137,24369.500303529203,20369.500303529203
1,Neocortex D.23Mar16,S1.E11,40000,2uM CCh,277.46484375,347.55859375,"DAC0: PulseB 200 [1000,3000];",/Volumes/Assets/Edward/Data/Traces/2016/03.March/Data 23 Mar 2016/Neocortex D.23Mar16.S1.E11.dat,1,False,,,,1000.0,3000.0,200.0,pulseB,37000.0,StimulusA,A,242,3224.4000033438206,39864.60054932535,36864.60054932535
1,Neocortex D.23Mar16,S1.E12,40000,2uM CCh,379.140625,449.234375,"DAC0: PulseB 200 [1000,3000];",/Volumes/Assets/Edward/Data/Traces/2016/03.March/Data 23 Mar 2016/Neocortex D.23Mar16.S1.E12.dat,1,False,,,,1000.0,3000.0,200.0,pulseB,37000.0,StimulusA,A,150,3330.800004929304,39849.80054910481,36849.80054910481
1,Neocortex D.23Mar16,S1.E14,40000,2uM CCh,532.95703125,603.05078125,"DAC0: PulseB 200 [1000,3000];",/Volumes/Assets/Edward/Data/Traces/2016/03.March/Data 23 Mar 2016/Neocortex D.23Mar16.S1.E14.dat,1,False,,,,1000.0,3000.0,200.0,pulseB,37000.0,StimulusA,A,283,3180.80000269413,39876.50054950267,36876.50054950267
1,Neocortex D.23Mar16,S1.E15,40000,2uM CCh,629.640625,699.734375,"DAC0: PulseB 200 [1000,3000];",/Volumes/Assets/Edward/Data/Traces/2016/03.March/Data 23 Mar 2016/Neocortex D.23Mar16.S1.E15.dat,1,False,,,,1000.0,3000.0,200.0,pulseB,37000.0,StimulusA,A,199,3262.800003916025,39968.50055087358,36968.50055087358
1,Neocortex D.24Aug16,S1.E6,20000,2uM CCh + 10uM ZD7288,633.00390625,742.69140625,"DAC0: PulseA -50 [100,700];PulseB 200 [2000,4000];",/Volumes/Assets/Edward/Data/Traces/2016/08.August/Data 24 Aug 2016/Neocortex D.24Aug16.S1.E6.dat,1,True,100.0,700.0,-50.0,2000.0,4000.0,200.0,pulseB,16000.0,StimulusA,A,37,4001.4000000208616,19704.700234018266,15704.700234018266
1,Neocortex D.24Aug16,S1.E8,20000,2uM CCh + 10uM ZD7288,692.26171875,801.94921875,"DAC0: PulseA -50 [100,700];PulseB 200 [2000,4000];",/Volumes/Assets/Edward/Data/Traces/2016/08.August/Data 24 Aug 2016/Neocortex D.24Aug16.S1.E8.dat,1,True,100.0,700.0,-50.0,2000.0,4000.0,200.0,pulseB,16000.0,StimulusA,A,38,4746.600011125207,19753.100234739482,15753.100234739482
1,Neocortex D.24Aug16,S1.E11,20000,2uM CCh + 10uM ZD7288,978.125,1087.8125,"DAC0: PulseA -50 [100,700];PulseB 200 [2000,4000];",/Volumes/Assets/Edward/Data/Traces/2016/08.August/Data 24 Aug 2016/Neocortex D.24Aug16.S1.E11.dat,1,True,100.0,700.0,-50.0,2000.0,4000.0,200.0,pulseB,16000.0,StimulusA,A,48,4659.300009824336,19721.500234268606,15721.500234268606
1,Neocortex D.24Aug16,S1.E12,20000,2uM CCh + 10uM ZD7288,1036.203125,1145.890625,"DAC0: PulseA -50 [100,700];PulseB 200 [2000,4000];",/Volumes/Assets/Edward/Data/Traces/2016/08.August/Data 24 Aug 2016/Neocortex D.24Aug16.S1.E12.dat,1,True,100.0,700.0,-50.0,2000.0,4000.0,200.0,pulseB,16000.0,StimulusA,A,28,4878.900013096631,19610.900232620537,15610.900232620537
1,Neocortex D.24Mar16,S1.E12,40000,2uM CCh,835.28125,909.36328125,"DAC0: PulseB 300 [1000,3000];",/Volumes/Assets/Edward/Data/Traces/2016/03.March/Data 24 Mar 2016/Neocortex D.24Mar16.S1.E12.dat,1,False,,,,1000.0,3000.0,300.0,pulseB,37000.0,StimulusA,A,346,3216.7000032290816,39886.90054965764,36886.90054965764
1,Neocortex D.24Mar16,S1.E13,40000,2uM CCh,932.09765625,1006.1796875,"DAC0: PulseB 300 [1000,3000];",/Volumes/Assets/Edward/Data/Traces/2016/03.March/Data 24 Mar 2016/Neocortex D.24Mar16.S1.E13.dat,1,False,,,,1000.0,3000.0,300.0,pulseB,37000.0,StimulusA,A,223,3391.6000058352947,39957.500550709665,36957.500550709665
1,Neocortex D.24Mar16,S1.E15,40000,2uM CCh,1147.859375,1221.94140625,"DAC0: PulseB 300 [1000,3000];",/Volumes/Assets/Edward/Data/Traces/2016/03.March/Data 24 Mar 2016/Neocortex D.24Mar16.S1.E15.dat,1,False,,,,1000.0,3000.0,300.0,pulseB,37000.0,StimulusA,A,337,3000.800000011921,39967.80055086315,36967.80055086315
1,Neocortex D.24Mar16,S1.E16,40000,2uM CCh,1282.22265625,1356.3046875,"DAC0: PulseB 300 [1000,3000];",/Volumes/Assets/Edward/Data/Traces/2016/03.March/Data 24 Mar 2016/Neocortex D.24Mar16.S1.E16.dat,1,False,,,,1000.0,3000.0,300.0,pulseB,37000.0,StimulusA,A,302,3258.7000038549304,39925.30055022985,36925.30055022985
1,Neocortex D.25Apr17,S1.E26,40000,10uM PE,601.87109375,851.23046875,"DAC0: PulseA -50 [200,1000];PulseB 200 [2000,4000];",/Volumes/Assets/Edward/Data/Traces/2017/04.April/Data 25 Apr 2017/Neocortex D.25Apr17.S1.E26.dat,1,True,200.0,1000.0,-50.0,2000.0,4000.0,200.0,pulseB,36000.0,StimulusA,A,85,4606.000009030104,39724.00053232908,35724.00053232908
1,Neocortex D.25Apr17,S1.E29,40000,10uM PE,952.796875,1202.15625,"DAC0: PulseA -50 [200,1000];PulseB 200 [2000,4000];",/Volumes/Assets/Edward/Data/Traces/2017/04.April/Data 25 Apr 2017/Neocortex D.25Apr17.S1.E29.dat,1,True,200.0,1000.0,-50.0,2000.0,4000.0,200.0,pulseB,36000.0,StimulusA,A,76,4801.3000119403005,39854.900534279644,35854.900534279644
1,Neocortex D.25Mar16,S1.E11,40000,2uM CCh,431.99609375,548.51953125,"DAC0: PulseB 300 [1000,3000];",/Volumes/Assets/Edward/Data/Traces/2016/03.March/Data 25 Mar 2016/Neocortex D.25Mar16.S1.E11.dat,1,False,,,,1000.0,3000.0,300.0,pulseB,37000.0,StimulusA,A,181,4044.2000155597925,39886.80054965615,36886.80054965615
1,Neocortex D.25Mar16,S1.E13,40000,2uM CCh,820.7890625,937.3125,"DAC0: PulseB 300 [1000,3000];",/Volumes/Assets/Edward/Data/Traces/2016/03.March/Data 25 Mar 2016/Neocortex D.25Mar16.S1.E13.dat,1,False,,,,1000.0,3000.0,300.0,pulseB,37000.0,StimulusA,A,224,3538.100008018315,39966.800550848246,36966.800550848246
1,Neocortex D.27Jan15,S1.E36,60000,CCh,1292.2421875,2188.390625,"DAC0: PulseB 400 [1000,3000];",/Volumes/Assets/Edward/Data/Traces/2015/01.January/Data 27 Jan 2015/Neocortex D.27Jan15.S1.E36.dat,1,False,,,,1000.0,3000.0,400.0,pulseB,57000.0,CurrentA,A,70,4429.50002130121,35011.90047701448,32011.900477014482
1,Neocortex E.01Mar16,S1.E14,50000,ML297+CCh+1/2uM NS309,965.37109375,1035.578125,"DAC0: PulseB 500 [1000,3000];",/Volumes/Assets/Edward/Data/Traces/2016/03.March/Data 1 Mar 2016/Neocortex E.01Mar16.S1.E14.dat,1,False,,,,1000.0,3000.0,500.0,pulseB,47000.0,StimulusA,A,362,3486.700007252395,49965.500699840486,46965.500699840486
1,Neocortex E.01Mar16,S1.E17,50000,ML297+CCh+1/2uM NS309,1307.6640625,1377.87109375,"DAC0: PulseB 500 [1000,3000];",/Volumes/Assets/Edward/Data/Traces/2016/03.March/Data 1 Mar 2016/Neocortex E.01Mar16.S1.E17.dat,1,False,,,,1000.0,3000.0,500.0,pulseB,47000.0,StimulusA,A,157,3981.5000146254897,49813.70069757849,46813.70069757849
1,Neocortex E.01Mar16,S1.E18,50000,ML297+CCh+1/2uM NS309,1449.09765625,1519.3046875,"DAC0: PulseB 500 [1000,3000];",/Volumes/Assets/Edward/Data/Traces/2016/03.March/Data 1 Mar 2016/Neocortex E.01Mar16.S1.E18.dat,1,False,,,,1000.0,3000.0,500.0,pulseB,47000.0,StimulusA,A,131,4020.8000152111053,49961.3006997779,46961.3006997779
1,Neocortex E.03Mar16,S1.E10,30000,ML297+CCh+1/2uM NS309,1016.91796875,1135.08984375,"DAC0: PulseB 300 [1000,3000];",/Volumes/Assets/Edward/Data/Traces/2016/03.March/Data 3 Mar 2016/Neocortex E.03Mar16.S1.E10.dat,1,False,,,,1000.0,3000.0,300.0,pulseB,27000.0,StimulusA,A,118,3485.000007227063,29963.40040178597,26963.40040178597
1,Neocortex E.03Mar16,S1.E13,50000,ML297+CCh+1/2uM NS309,1932.6171875,2050.7890625,"DAC0: PulseB 300 [1000,3000];",/Volumes/Assets/Edward/Data/Traces/2016/03.March/Data 3 Mar 2016/Neocortex E.03Mar16.S1.E13.dat,1,False,,,,1000.0,3000.0,300.0,pulseB,47000.0,StimulusA,A,161,3680.0000101327896,49922.80069920421,46922.80069920421
1,Neocortex E.03Mar16,S1.E14,50000,ML297+CCh+1/2uM NS309,2166.99609375,2285.16796875,"DAC0: PulseB 500 [1000,3000];",/Volumes/Assets/Edward/Data/Traces/2016/03.March/Data 3 Mar 2016/Neocortex E.03Mar16.S1.E14.dat,1,False,,,,1000.0,3000.0,500.0,pulseB,47000.0,StimulusA,A,133,3908.3000135347247,49822.50069770962,46822.50069770962
1,Neocortex E.07Mar19,S1.E4,25000,2uM CCh + 2/3uM ML297,420.03125,480.01953125,"DAC0: PulseA -50 [200,1000];PulseB 250 [2000,4000];",/Volumes/Assets/Edward/Data/Traces/2019/03.March/Data 7 Mar 2019/Neocortex E.07Mar19.S1.E4.dat,1,True,200.0,1000.0,-50.0,2000.0,4000.0,250.0,pulseB,21000.0,StimulusA,A,50,4401.800005987287,24730.500308908522,20730.500308908522
1,Neocortex E.07Mar19,S1.E5,25000,2uM CCh + 2/3uM ML297,565.5,625.48828125,"DAC0: PulseA -50 [200,1000];PulseB 250 [2000,4000];",/Volumes/Assets/Edward/Data/Traces/2019/03.March/Data 7 Mar 2019/Neocortex E.07Mar19.S1.E5.dat,1,True,200.0,1000.0,-50.0,2000.0,4000.0,250.0,pulseB,21000.0,StimulusA,A,50,4358.000005334616,24596.100306905806,20596.100306905806
1,Neocortex E.07Mar19,S1.E21,25000,2uM CCh + 2/3uM ML297,1822.87109375,1882.859375,"DAC0: PulseA -50 [200,1000];PulseB 250 [2000,4000];  100ms delay",/Volumes/Assets/Edward/Data/Traces/2019/03.March/Data 7 Mar 2019/Neocortex E.07Mar19.S1.E21.dat,1,True,200.0,1000.0,-50.0,2000.0,4000.0,250.0,pulseB,21000.0,StimulusA,A,55,4420.500006265938,24896.000311374664,20896.000311374664
1,Neocortex E.08Jun15,S1.E35,50000,7.5uM CCh,1322.54296875,1397.08984375,"DAC0: PulseB 300 [1000,3000];",/Volumes/Assets/Edward/Data/Traces/2015/06.June/Data 8 Jun 2015/Neocortex E.08Jun15.S1.E35.dat,1,False,,,,1000.0,3000.0,300.0,pulseB,47000.0,StimulusA,A,151,4058.7000157758594,49850.90069813281,46850.90069813281
1,Neocortex E.08Jun15,S1.E38,50000,7.5uM CCh,1675.15234375,1749.69921875,"DAC0: PulseB 300 [1000,3000];",/Volumes/Assets/Edward/Data/Traces/2015/06.June/Data 8 Jun 2015/Neocortex E.08Jun15.S1.E38.dat,1,False,,,,1000.0,3000.0,300.0,pulseB,47000.0,StimulusA,A,117,4250.400018632412,49635.40069492161,46635.40069492161
1,Neocortex E.08Jun15,S1.E41,50000,7.5uM CCh,2095.80859375,2170.35546875,"DAC0: PulseB 300 [1000,3000];",/Volumes/Assets/Edward/Data/Traces/2015/06.June/Data 8 Jun 2015/Neocortex E.08Jun15.S1.E41.dat,1,False,,,,1000.0,3000.0,300.0,pulseB,47000.0,StimulusA,A,97,4545.900023035705,49665.9006953761,46665.9006953761
1,Neocortex E.08Jun15,S1.E51,50000,7.5uM CCh,3239.40625,3313.953125,"DAC0: PulseB 300 [1000,3000];",/Volumes/Assets/Edward/Data/Traces/2015/06.June/Data 8 Jun 2015/Neocortex E.08Jun15.S1.E51.dat,1,False,,,,1000.0,3000.0,300.0,pulseB,47000.0,StimulusA,A,167,3799.300011910498,49862.60069830716,46862.60069830716
1,Neocortex E.09Feb16,S1.E22,50000,,665.83984375,885.76171875,"DAC0: PulseB 300 [1000,3000];",/Volumes/Assets/Edward/Data/Traces/2016/02.February/Data 9 Feb 2016/Neocortex E.09Feb16.S1.E22.dat,1,False,,,,1000.0,3000.0,300.0,pulseB,47000.0,StimulusA,A,193,3347.4000051766634,49891.60069873929,46891.60069873929
1,Neocortex E.09Feb16,S1.E23,50000,,812.40234375,1032.32421875,"DAC0: PulseB 300 [1000,3000];",/Volumes/Assets/Edward/Data/Traces/2016/02.February/Data 9 Feb 2016/Neocortex E.09Feb16.S1.E23.dat,1,False,,,,1000.0,3000.0,300.0,pulseB,47000.0,StimulusA,A,151,3531.0000079125166,49879.80069856346,46879.80069856346
1,Neocortex E.09Feb16,S1.E29,50000,,1407.3125,1627.234375,"DAC0: PulseB 300 [1000,3000];",/Volumes/Assets/Edward/Data/Traces/2016/02.February/Data 9 Feb 2016/Neocortex E.09Feb16.S1.E29.dat,1,False,,,,1000.0,3000.0,300.0,pulseB,47000.0,StimulusA,A,156,3439.20000654459,49867.80069838464,46867.80069838464
1,Neocortex E.09Feb16,S1.E32,50000,,1641.5,1861.421875,"DAC0: PulseB 300 [1000,3000];",/Volumes/Assets/Edward/Data/Traces/2016/02.February/Data 9 Feb 2016/Neocortex E.09Feb16.S1.E32.dat,1,False,,,,1000.0,3000.0,300.0,pulseB,47000.0,StimulusA,A,141,3428.6000063866377,49975.20069998503,46975.20069998503
1,Neocortex E.09Jul18,S1.E7,50000,2uM CCh + 2/3uM ML297,1195.26953125,1297.5625,"DAC0: PulseA -50 [200,1000];PulseB 200 [2000,4000];",/Volumes/Assets/Edward/Data/Traces/2018/07.July/Data 9 Jul 2018/Neocortex E.09Jul18.S1.E7.dat,1,True,200.0,1000.0,-50.0,2000.0,4000.0,200.0,pulseB,46000.0,StimulusA,A,179,4249.80000372231,49985.10068523139,45985.10068523139
1,Neocortex E.09Jul18,S1.E31,50000,2uM CCh + 2/3uM ML297,3915.35546875,4017.6484375,"DAC0: PulseA -50 [200,1000];PulseB 200 [2000,4000];",/Volumes/Assets/Edward/Data/Traces/2018/07.July/Data 9 Jul 2018/Neocortex E.09Jul18.S1.E31.dat,1,True,200.0,1000.0,-50.0,2000.0,4000.0,200.0,pulseB,46000.0,StimulusA,A,207,4876.500013060868,49962.90068490058,45962.90068490058
1,Neocortex E.09Jul18,S1.E32,50000,2uM CCh + 2/3uM ML297,4063.15625,4165.44921875,"DAC0: PulseA -50 [200,1000];PulseB 200 [2000,4000];",/Volumes/Assets/Edward/Data/Traces/2018/07.July/Data 9 Jul 2018/Neocortex E.09Jul18.S1.E32.dat,1,True,200.0,1000.0,-50.0,2000.0,4000.0,200.0,pulseB,46000.0,StimulusA,A,212,5151.900017164648,49878.20068363845,45878.20068363845
1,Neocortex E.09Jul18,S1.E46,50000,2uM CCh + 2/3uM ML297,5657.85546875,5760.1484375,"DAC0: PulseA -50 [200,1000];PulseB 200 [2000,4000];",/Volumes/Assets/Edward/Data/Traces/2018/07.July/Data 9 Jul 2018/Neocortex E.09Jul18.S1.E46.dat,1,True,200.0,1000.0,-50.0,2000.0,4000.0,200.0,pulseB,46000.0,StimulusA,A,183,4428.600006386638,49849.4006832093,45849.4006832093
1,Neocortex E.09Jul18,S1.E47,50000,2uM CCh + 2/3uM ML297,5786.66796875,5888.9609375,"DAC0: PulseA -50 [200,1000];PulseB 200 [2000,4000];",/Volumes/Assets/Edward/Data/Traces/2018/07.July/Data 9 Jul 2018/Neocortex E.09Jul18.S1.E47.dat,1,True,200.0,1000.0,-50.0,2000.0,4000.0,200.0,pulseB,46000.0,StimulusA,A,112,6555.900038085878,49969.40068499744,45969.40068499744
1,Neocortex E.11Feb16,S1.E17,50000,,501.03515625,594.91796875,"DAC0: PulseB 300 [1000,3000];",/Volumes/Assets/Edward/Data/Traces/2016/02.February/Data 11 Feb 2016/Neocortex E.11Feb16.S1.E17.dat,1,False,,,,1000.0,3000.0,300.0,pulseB,47000.0,StimulusA,A,163,3304.2000045329332,49763.50069683045,46763.50069683045
1,Neocortex E.11Feb16,S1.E18,50000,,700.26171875,794.14453125,"DAC0: PulseB 300 [1000,3000];",/Volumes/Assets/Edward/Data/Traces/2016/02.February/Data 11 Feb 2016/Neocortex E.11Feb16.S1.E18.dat,1,False,,,,1000.0,3000.0,300.0,pulseB,47000.0,StimulusA,A,187,3240.300003580749,49848.10069809109,46848.10069809109
1,Neocortex E.11Feb16,S1.E23,50000,,1180.04296875,1273.92578125,"DAC0: PulseB 300 [1000,3000];",/Volumes/Assets/Edward/Data/Traces/2016/02.February/Data 11 Feb 2016/Neocortex E.11Feb16.S1.E23.dat,1,False,,,,1000.0,3000.0,300.0,pulseB,47000.0,StimulusA,A,281,3189.0000028163195,49971.70069993287,46971.70069993287
1,Neocortex E.14Dec17,S1.E9,30000,2uM CCh + 2/3uM ML297,892.140625,996.98828125,"DAC0: PulseA -50 [200,1000];PulseB 400 [2000,4000];",/Volumes/Assets/Edward/Data/Traces/2017/12.December/Data 14 Dec 2017/Neocortex E.14Dec17.S1.E9.dat,1,True,200.0,1000.0,-50.0,2000.0,4000.0,400.0,pulseB,26000.0,StimulusA,A,108,4542.000008076429,29920.90038625151,25920.90038625151
1,Neocortex E.14Oct15,S1.E12,50000,ML297+CCh+NS309,2927.23046875,3298.82421875,"DAC0: PulseB 300 [1000,3000];",/Volumes/Assets/Edward/Data/Traces/2015/10.October/Data 14 Oct 2015/Neocortex E.14Oct15.S1.E12.dat,1,False,,,,1000.0,3000.0,300.0,pulseB,47000.0,StimulusA,A,229,3929.400013849139,49874.10069847852,46874.10069847852
1,Neocortex E.15Dec17,S1.E7,30000,2uM CCh + 2/3uM ML297,700.0234375,851.03125,"DAC0: PulseA -50 [200,1000];PulseB 400 [2000,4000];",/Volumes/Assets/Edward/Data/Traces/2017/12.December/Data 15 Dec 2017/Neocortex E.15Dec17.S1.E7.dat,1,True,200.0,1000.0,-50.0,2000.0,4000.0,400.0,pulseB,26000.0,StimulusA,A,229,4237.400003537536,29988.300387255847,25988.300387255847
1,Neocortex E.15Dec17,S1.E8,30000,2uM CCh + 2/3uM ML297,857.14453125,1008.15234375,"DAC0: PulseA -50 [200,1000];PulseB 400 [2000,4000];",/Volumes/Assets/Edward/Data/Traces/2017/12.December/Data 15 Dec 2017/Neocortex E.15Dec17.S1.E8.dat,1,True,200.0,1000.0,-50.0,2000.0,4000.0,400.0,pulseB,26000.0,StimulusA,A,290,4001.2000000178814,29954.80038675666,25954.80038675666
1,Neocortex E.16Feb16,S1.E16,50000,,519.51171875,608.08203125,"DAC0: PulseB 200 [1000,3000];",/Volumes/Assets/Edward/Data/Traces/2016/02.February/Data 16 Feb 2016/Neocortex E.16Feb16.S1.E16.dat,1,False,,,,1000.0,3000.0,200.0,pulseB,47000.0,StimulusA,A,148,3636.300009481609,49850.0006981194,46850.0006981194
1,Neocortex E.16Feb16,S1.E17,50000,,682.3828125,770.953125,"DAC0: PulseB 200 [1000,3000];",/Volumes/Assets/Edward/Data/Traces/2016/02.February/Data 16 Feb 2016/Neocortex E.16Feb16.S1.E17.dat,1,False,,,,1000.0,3000.0,200.0,pulseB,47000.0,StimulusA,A,114,3563.6000083982944,49967.80069987476,46967.80069987476
1,Neocortex E.16Feb16,S1.E19,50000,,871.3125,959.8828125,"DAC0: PulseB 200 [1000,3000];",/Volumes/Assets/Edward/Data/Traces/2016/02.February/Data 16 Feb 2016/Neocortex E.16Feb16.S1.E19.dat,1,False,,,,1000.0,3000.0,200.0,pulseB,47000.0,StimulusA,A,103,3558.7000083252788,49540.60069350898,46540.60069350898
1,Neocortex E.16Feb16,S1.E20,50000,,974.76171875,1063.33203125,"DAC0: PulseB 300 [1000,3000];",/Volumes/Assets/Edward/Data/Traces/2016/02.February/Data 16 Feb 2016/Neocortex E.16Feb16.S1.E20.dat,1,False,,,,1000.0,3000.0,300.0,pulseB,47000.0,StimulusA,A,145,3395.6000058948994,49734.50069639832,46734.50069639832
1,Neocortex E.16Feb16,S1.E21,50000,,1097.4140625,1185.984375,"DAC0: PulseB 400 [1000,3000];",/Volumes/Assets/Edward/Data/Traces/2016/02.February/Data 16 Feb 2016/Neocortex E.16Feb16.S1.E21.dat,1,False,,,,1000.0,3000.0,400.0,pulseB,47000.0,StimulusA,A,170,3453.900006763637,49874.3006984815,46874.3006984815
1,Neocortex E.16Feb16,S1.E22,50000,,1672.04296875,1760.61328125,"DAC0: PulseB 200 [1000,3000];",/Volumes/Assets/Edward/Data/Traces/2016/02.February/Data 16 Feb 2016/Neocortex E.16Feb16.S1.E22.dat,1,False,,,,1000.0,3000.0,200.0,pulseB,47000.0,StimulusA,A,148,3490.6000073105097,49754.9006967023,46754.9006967023
1,Neocortex E.16Mar16,S1.E10,50000,ML297+CCh,1025.88671875,1089.91796875,"DAC0: PulseB 300 [1000,3000];",/Volumes/Assets/Edward/Data/Traces/2016/03.March/Data 16 Mar 2016/Neocortex E.16Mar16.S1.E10.dat,1,False,,,,1000.0,3000.0,300.0,pulseB,47000.0,StimulusA,A,232,3894.800013333559,49725.00069625676,46725.00069625676
1,Neocortex E.16Mar16,S1.E11,50000,ML297+CCh,1210.91015625,1274.94140625,"DAC0: PulseB 300 [1000,3000];",/Volumes/Assets/Edward/Data/Traces/2016/03.March/Data 16 Mar 2016/Neocortex E.16Mar16.S1.E11.dat,1,False,,,,1000.0,3000.0,300.0,pulseB,47000.0,StimulusA,A,216,3925.900013796985,49878.200698539615,46878.200698539615
1,Neocortex E.16Mar16,S1.E12,50000,ML297+CCh,1477.4140625,1541.4453125,"DAC0: PulseB 300 [1000,3000];",/Volumes/Assets/Edward/Data/Traces/2016/03.March/Data 16 Mar 2016/Neocortex E.16Mar16.S1.E12.dat,1,False,,,,1000.0,3000.0,300.0,pulseB,47000.0,StimulusA,A,230,3859.1000128015876,49865.90069835633,46865.90069835633
1,Neocortex E.17Feb16,S1.E21,50000,,991.1796875,1097.9296875,"DAC0: PulseB 200 [1000,3000];",/Volumes/Assets/Edward/Data/Traces/2016/02.February/Data 17 Feb 2016/Neocortex E.17Feb16.S1.E21.dat,1,False,,,,1000.0,3000.0,200.0,pulseB,47000.0,StimulusA,A,233,3731.7000109031796,49855.50069820136,46855.50069820136
1,Neocortex E.19Nov18,S1.E8,40000,2uM CCh + 2/3uM ML297,668.078125,700.4609375,"DAC0: PulseA -50 [200,1000];PulseB 200 [2000,4000];",/Volumes/Assets/Edward/Data/Traces/2018/11.November/Data 19 Nov 2018/Neocortex E.19Nov18.S1.E8.dat,1,True,200.0,1000.0,-50.0,2000.0,4000.0,200.0,pulseB,36000.0,StimulusA,A,168,4453.000006750226,39838.700534038246,35838.700534038246
1,Neocortex E.19Nov18,S1.E15,40000,2uM CCh + 2/3uM ML297,1448.6328125,1481.015625,"DAC0: PulseA -50 [200,1000];PulseB 200 [2000,4000];",/Volumes/Assets/Edward/Data/Traces/2018/11.November/Data 19 Nov 2018/Neocortex E.19Nov18.S1.E15.dat,1,True,200.0,1000.0,-50.0,2000.0,4000.0,200.0,pulseB,36000.0,StimulusA,A,174,4555.700008280575,39858.90053433925,35858.90053433925
1,Neocortex E.19Nov18,S1.E25,40000,2uM CCh + 2/3uM ML297,2552.0625,2584.4453125,"DAC0: PulseA -50 [200,1000];PulseB 200 [2000,4000];",/Volumes/Assets/Edward/Data/Traces/2018/11.November/Data 19 Nov 2018/Neocortex E.19Nov18.S1.E25.dat,1,True,200.0,1000.0,-50.0,2000.0,4000.0,200.0,pulseB,36000.0,StimulusA,A,152,4581.900008670986,39886.40053474903,35886.40053474903
1,Neocortex E.20Nov18,S1.E5,40000,2uM CCh + 2/3uM ML297,412.53125,444.26953125,"DAC0: PulseA -50 [200,1000];PulseB 150 [2000,4000];",/Volumes/Assets/Edward/Data/Traces/2018/11.November/Data 20 Nov 2018/Neocortex E.20Nov18.S1.E5.dat,1,True,200.0,1000.0,-50.0,2000.0,4000.0,150.0,pulseB,36000.0,StimulusA,A,159,4359.000005349517,39965.30053592473,35965.30053592473
1,Neocortex E.20Nov18,S1.E14,40000,2uM CCh + 2/3uM ML297,1156.6015625,1188.33984375,"DAC0: PulseA -50 [200,1000];PulseB 150 [2000,4000];",/Volumes/Assets/Edward/Data/Traces/2018/11.November/Data 20 Nov 2018/Neocortex E.20Nov18.S1.E14.dat,1,True,200.0,1000.0,-50.0,2000.0,4000.0,150.0,pulseB,36000.0,StimulusA,A,132,4286.100004263222,39754.30053278059,35754.30053278059
1,Neocortex E.20Nov18,S1.E29,40000,2uM CCh + 2/3uM ML297,2863.43359375,2895.171875,"DAC0: PulseA -50 [200,1000];PulseB 150 [2000,4000];",/Volumes/Assets/Edward/Data/Traces/2018/11.November/Data 20 Nov 2018/Neocortex E.20Nov18.S1.E29.dat,1,True,200.0,1000.0,-50.0,2000.0,4000.0,150.0,pulseB,36000.0,StimulusA,A,149,4313.100004665554,39909.40053509176,35909.40053509176
1,Neocortex E.23Mar16,S1.E9,40000,2uM CCh,652.31640625,707.03125,"DAC0: PulseB 200 [1000,3000];",/Volumes/Assets/Edward/Data/Traces/2016/03.March/Data 23 Mar 2016/Neocortex E.23Mar16.S1.E9.dat,1,False,,,,1000.0,3000.0,200.0,pulseB,37000.0,StimulusA,A,186,3753.9000112339854,39861.900549285114,36861.900549285114
1,Neocortex E.23Mar16,S1.E10,40000,2uM CCh,933.2421875,987.95703125,"DAC0: PulseB 200 [1000,3000];",/Volumes/Assets/Edward/Data/Traces/2016/03.March/Data 23 Mar 2016/Neocortex E.23Mar16.S1.E10.dat,1,False,,,,1000.0,3000.0,200.0,pulseB,37000.0,StimulusA,A,208,3679.600010126829,39884.90054962784,36884.90054962784
1,Neocortex E.23Sep15,S1.E14,40000,ML297+CCh,1647.4140625,1707.0,"DAC0: PulseB 200 [1000,3000];",/Volumes/Assets/Edward/Data/Traces/2015/09.September/Data 23 Sep 2015/Neocortex E.23Sep15.S1.E14.dat,1,False,,,,1000.0,3000.0,200.0,pulseB,37000.0,StimulusA,A,153,3000.700000010431,39821.20054867864,36821.20054867864
1,Neocortex E.23Sep15,S1.E16,40000,ML297+CCh,1958.7265625,2018.3125,"DAC0: PulseB 150 [1000,3000];",/Volumes/Assets/Edward/Data/Traces/2015/09.September/Data 23 Sep 2015/Neocortex E.23Sep15.S1.E16.dat,1,False,,,,1000.0,3000.0,150.0,pulseB,37000.0,StimulusA,A,132,3000.6000000089407,39944.50055051595,36944.50055051595
1,Neocortex E.23Sep15,S1.E31,40000,ML297+CCh,3463.171875,3522.7578125,"DAC0: PulseB 200 [1000,3000];",/Volumes/Assets/Edward/Data/Traces/2015/09.September/Data 23 Sep 2015/Neocortex E.23Sep15.S1.E31.dat,1,False,,,,1000.0,3000.0,200.0,pulseB,37000.0,StimulusA,A,159,3915.7000136449933,39896.600549802184,36896.600549802184
1,Neocortex E.23Sep15,S1.E32,40000,ML297+CCh,3613.2890625,3672.875,"DAC0: PulseB 200 [1000,3000];",/Volumes/Assets/Edward/Data/Traces/2015/09.September/Data 23 Sep 2015/Neocortex E.23Sep15.S1.E32.dat,1,False,,,,1000.0,3000.0,200.0,pulseB,37000.0,StimulusA,A,179,3505.400007531047,39835.90054889768,36835.90054889768
1,Neocortex E.24Feb16,S1.E17,50000,,808.296875,882.28515625,"DAC0: PulseB 200 [1000,3000];",/Volumes/Assets/Edward/Data/Traces/2016/02.February/Data 24 Feb 2016/Neocortex E.24Feb16.S1.E17.dat,1,False,,,,1000.0,3000.0,200.0,pulseB,47000.0,StimulusA,A,341,3341.900005094707,49877.500698529184,46877.500698529184
1,Neocortex E.24Feb16,S1.E21,50000,,1358.64453125,1432.6328125,"DAC0: PulseB 200 [1000,3000];",/Volumes/Assets/Edward/Data/Traces/2016/02.February/Data 24 Feb 2016/Neocortex E.24Feb16.S1.E21.dat,1,False,,,,1000.0,3000.0,200.0,pulseB,47000.0,StimulusA,A,400,3228.400003403425,49858.80069825053,46858.80069825053
1,Neocortex E.24Feb16,S1.E22,50000,,1507.92578125,1581.9140625,"DAC0: PulseB 200 [1000,3000];",/Volumes/Assets/Edward/Data/Traces/2016/02.February/Data 24 Feb 2016/Neocortex E.24Feb16.S1.E22.dat,1,False,,,,1000.0,3000.0,200.0,pulseB,47000.0,StimulusA,A,367,3285.900004260242,49826.600697770715,46826.600697770715
1,Neocortex E.24Feb16,S1.E26,50000,,1848.98828125,1922.9765625,"DAC0: PulseB 200 [1000,3000];",/Volumes/Assets/Edward/Data/Traces/2016/02.February/Data 24 Feb 2016/Neocortex E.24Feb16.S1.E26.dat,1,False,,,,1000.0,3000.0,200.0,pulseB,47000.0,StimulusA,A,360,3414.0000061690807,49864.70069833845,46864.70069833845
1,Neocortex E.25Feb16,S1.E14,50000,,1021.40234375,1120.8046875,"DAC0: PulseB 200 [1000,3000];",/Volumes/Assets/Edward/Data/Traces/2016/02.February/Data 25 Feb 2016/Neocortex E.25Feb16.S1.E14.dat,1,False,,,,1000.0,3000.0,200.0,pulseB,47000.0,StimulusA,A,169,3773.1000115200877,49925.10069923848,46925.10069923848
1,Neocortex F.01Mar16,S1.E17,50000,,1963.98828125,2027.91796875,"DAC0: PulseB 500 [1000,3000];",/Volumes/Assets/Edward/Data/Traces/2016/03.March/Data 1 Mar 2016/Neocortex F.01Mar16.S1.E17.dat,1,False,,,,1000.0,3000.0,500.0,pulseB,47000.0,StimulusA,A,227,3501.6000074744225,49964.700699828565,46964.700699828565
1,Neocortex F.01Mar16,S1.E18,50000,,2432.609375,2496.5390625,"DAC0: PulseB 500 [1000,3000];",/Volumes/Assets/Edward/Data/Traces/2016/03.March/Data 1 Mar 2016/Neocortex F.01Mar16.S1.E18.dat,1,False,,,,1000.0,3000.0,500.0,pulseB,47000.0,StimulusA,A,221,3503.3000074997544,49883.80069862306,46883.80069862306
1,Neocortex F.01Mar16,S1.E19,50000,,2671.8671875,2735.796875,"DAC0: PulseB 500 [1000,3000];",/Volumes/Assets/Edward/Data/Traces/2016/03.March/Data 1 Mar 2016/Neocortex F.01Mar16.S1.E19.dat,1,False,,,,1000.0,3000.0,500.0,pulseB,47000.0,StimulusA,A,199,3571.100008510053,49985.20070013404,46985.20070013404
1,Neocortex F.01Mar16,S1.E20,50000,,3267.04296875,3330.97265625,"DAC0: PulseB 500 [1000,3000];",/Volumes/Assets/Edward/Data/Traces/2016/03.March/Data 1 Mar 2016/Neocortex F.01Mar16.S1.E20.dat,1,False,,,,1000.0,3000.0,500.0,pulseB,47000.0,StimulusA,A,208,3565.3000084236264,49878.500698544085,46878.500698544085
1,Neocortex F.01Mar16,S1.E21,50000,,3430.09765625,3494.02734375,"DAC0: PulseB 500 [1000,3000];",/Volumes/Assets/Edward/Data/Traces/2016/03.March/Data 1 Mar 2016/Neocortex F.01Mar16.S1.E21.dat,1,False,,,,1000.0,3000.0,500.0,pulseB,47000.0,StimulusA,A,173,3619.000009223819,49954.10069967061,46954.10069967061
1,Neocortex F.01Mar16,S1.E22,50000,,3669.21484375,3733.14453125,"DAC0: PulseB 500 [1000,3000];",/Volumes/Assets/Edward/Data/Traces/2016/03.March/Data 1 Mar 2016/Neocortex F.01Mar16.S1.E22.dat,1,False,,,,1000.0,3000.0,500.0,pulseB,47000.0,StimulusA,A,180,3563.200008392334,49817.800697639585,46817.800697639585
1,Neocortex F.02Mar16,S1.E16,50000,ML297+CCh+1/2uM NS309,768.10546875,821.83984375,"DAC0: PulseB 300 [1000,3000];",/Volumes/Assets/Edward/Data/Traces/2016/03.March/Data 2 Mar 2016/Neocortex F.02Mar16.S1.E16.dat,1,False,,,,1000.0,3000.0,300.0,pulseB,47000.0,StimulusA,A,208,3539.100008033216,49813.00069756806,46813.00069756806
1,Neocortex F.02Mar16,S1.E19,50000,ML297+CCh+1/2uM NS309,1273.94140625,1327.67578125,"DAC0: PulseB 300 [1000,3000];",/Volumes/Assets/Edward/Data/Traces/2016/03.March/Data 2 Mar 2016/Neocortex F.02Mar16.S1.E19.dat,1,False,,,,1000.0,3000.0,300.0,pulseB,47000.0,StimulusA,A,199,3656.7000097855926,49877.700698532164,46877.700698532164
1,Neocortex F.02Mar16,S1.E20,50000,ML297+CCh+1/2uM NS309,1753.5546875,1807.2890625,"DAC0: PulseB 300 [1000,3000];",/Volumes/Assets/Edward/Data/Traces/2016/03.March/Data 2 Mar 2016/Neocortex F.02Mar16.S1.E20.dat,1,False,,,,1000.0,3000.0,300.0,pulseB,47000.0,StimulusA,A,150,3680.9000101462007,49908.40069898963,46908.40069898963
1,Neocortex F.04Dec18,S1.E5,25000,2uM CCh + 2/3uM ML297,501.859375,533.30859375,"DAC0: PulseA -50 [200,1000];PulseB 200 [2000,4000];",/Volumes/Assets/Edward/Data/Traces/2018/12.December/Data 4 Dec 2018/Neocortex F.04Dec18.S1.E5.dat,1,True,200.0,1000.0,-50.0,2000.0,4000.0,200.0,pulseB,21000.0,StimulusA,A,75,4750.100011177361,24982.100312657654,20982.100312657654
1,Neocortex F.05Jul18,S1.E5,50000,2uM CCh + 2/3uM ML297,685.7890625,1087.80078125,"DAC0: PulseA -50 [200,1000];PulseB 200 [2000,4000];",/Volumes/Assets/Edward/Data/Traces/2018/07.July/Data 5 Jul 2018/Neocortex F.05Jul18.S1.E5.dat,1,True,200.0,1000.0,-50.0,2000.0,4000.0,200.0,pulseB,46000.0,StimulusA,A,219,4600.600008949637,49806.70068257302,45806.70068257302
1,Neocortex F.05Jul18,S1.E9,50000,2uM CCh + 2/3uM ML297,1217.83203125,1619.84375,"DAC0: PulseA -50 [200,1000];PulseB 200 [2000,4000];",/Volumes/Assets/Edward/Data/Traces/2018/07.July/Data 5 Jul 2018/Neocortex F.05Jul18.S1.E9.dat,1,True,200.0,1000.0,-50.0,2000.0,4000.0,200.0,pulseB,46000.0,StimulusA,A,337,4430.100006408989,49990.300685308874,45990.300685308874
1,Neocortex F.05Jul18,S1.E12,50000,2uM CCh + 2/3uM ML297,1660.421875,2062.43359375,"DAC0: PulseA -50 [200,1000];PulseB 200 [2000,4000];",/Volumes/Assets/Edward/Data/Traces/2018/07.July/Data 5 Jul 2018/Neocortex F.05Jul18.S1.E12.dat,1,True,200.0,1000.0,-50.0,2000.0,4000.0,200.0,pulseB,46000.0,StimulusA,A,328,4546.200008139014,49919.90068425983,45919.90068425983
1,Neocortex F.05Jul18,S1.E14,50000,2uM CCh + 2/3uM ML297,2019.09375,2421.10546875,"DAC0: PulseA -50 [200,1000];PulseB 200 [2000,4000];",/Volumes/Assets/Edward/Data/Traces/2018/07.July/Data 5 Jul 2018/Neocortex F.05Jul18.S1.E14.dat,1,True,200.0,1000.0,-50.0,2000.0,4000.0,200.0,pulseB,46000.0,StimulusA,A,414,4216.200003221631,49995.50068538636,45995.50068538636
1,Neocortex F.05Jun15,S1.E24,50000,7.5uM CCh,1164.515625,1337.72265625,"DAC0: PulseB 400 [1000,3000];",/Volumes/Assets/Edward/Data/Traces/2015/06.June/Data 5 Jun 2015/Neocortex F.05Jun15.S1.E24.dat,1,False,,,,1000.0,3000.0,400.0,pulseB,47000.0,StimulusA,A,243,4013.600015103817,49965.80069984496,46965.80069984496
1,Neocortex F.05Jun15,S1.E26,50000,7.5uM CCh,1469.1328125,1642.33984375,"DAC0: PulseB 400 [1000,3000];",/Volumes/Assets/Edward/Data/Traces/2015/06.June/Data 5 Jun 2015/Neocortex F.05Jun15.S1.E26.dat,1,False,,,,1000.0,3000.0,400.0,pulseB,47000.0,StimulusA,A,238,4114.600016608834,49998.200700327754,46998.200700327754
1,Neocortex F.05Jun15,S1.E28,50000,7.5uM CCh,1778.515625,1951.72265625,"DAC0: PulseB 400 [1000,3000];",/Volumes/Assets/Edward/Data/Traces/2015/06.June/Data 5 Jun 2015/Neocortex F.05Jun15.S1.E28.dat,1,False,,,,1000.0,3000.0,400.0,pulseB,47000.0,StimulusA,A,224,3932.4000138938427,49935.90069939941,46935.90069939941
1,Neocortex F.05Jun15,S1.E30,50000,7.5uM CCh,2089.203125,2262.41015625,"DAC0: PulseB 400 [1000,3000];",/Volumes/Assets/Edward/Data/Traces/2015/06.June/Data 5 Jun 2015/Neocortex F.05Jun15.S1.E30.dat,1,False,,,,1000.0,3000.0,400.0,pulseB,47000.0,StimulusA,A,46,3824.5000122860074,27319.80036239326,24319.80036239326
1,Neocortex F.08Feb16,S1.E15,50000,,337.08984375,736.4140625,"DAC0: PulseB 200 [1000,3000];",/Volumes/Assets/Edward/Data/Traces/2016/02.February/Data 8 Feb 2016/Neocortex F.08Feb16.S1.E15.dat,1,False,,,,1000.0,3000.0,200.0,pulseB,47000.0,StimulusA,A,94,4697.400025293231,49991.400700226426,46991.400700226426
1,Neocortex F.09Oct15,S1.E13,50000,ML297+CCh,1449.40625,1513.8828125,"DAC0: PulseB 200 [1000,3000];",/Volumes/Assets/Edward/Data/Traces/2015/10.October/Data 9 Oct 2015/Neocortex F.09Oct15.S1.E13.dat,1,False,,,,1000.0,3000.0,200.0,pulseB,47000.0,StimulusA,A,199,3770.000011473894,49835.500697903335,46835.500697903335
1,Neocortex F.09Oct15,S1.E14,50000,ML297+CCh,1661.59765625,1726.07421875,"DAC0: PulseB 300 [1000,3000];",/Volumes/Assets/Edward/Data/Traces/2015/10.October/Data 9 Oct 2015/Neocortex F.09Oct15.S1.E14.dat,1,False,,,,1000.0,3000.0,300.0,pulseB,47000.0,StimulusA,A,213,3779.500011615455,49985.10070013255,46985.10070013255
1,Neocortex F.10Jan19,S1.E17,50000,2uM CCh + 2/3uM ML297,837.55078125,1166.859375,"DAC0: PulseA -50 [200,1000];PulseB 200 [2000,4000];",/Volumes/Assets/Edward/Data/Traces/2019/01.January/Data 10 Jan 2019/Neocortex F.10Jan19.S1.E17.dat,1,True,200.0,1000.0,-50.0,2000.0,4000.0,200.0,pulseB,46000.0,StimulusA,A,250,4260.800003886223,49955.50068479031,45955.50068479031
1,Neocortex F.10Jan19,S1.E18,50000,2uM CCh + 2/3uM ML297,986.41015625,1315.71875,"DAC0: PulseA -50 [200,1000];PulseB 150 [2000,4000];",/Volumes/Assets/Edward/Data/Traces/2019/01.January/Data 10 Jan 2019/Neocortex F.10Jan19.S1.E18.dat,1,True,200.0,1000.0,-50.0,2000.0,4000.0,150.0,pulseB,46000.0,StimulusA,A,258,4288.800004303455,49863.300683416426,45863.300683416426
1,Neocortex F.10Jan19,S1.E19,50000,2uM CCh + 2/3uM ML297,1216.23046875,1545.5390625,"DAC0: PulseA -50 [200,1000];PulseB 150 [2000,4000];",/Volumes/Assets/Edward/Data/Traces/2019/01.January/Data 10 Jan 2019/Neocortex F.10Jan19.S1.E19.dat,1,True,200.0,1000.0,-50.0,2000.0,4000.0,150.0,pulseB,46000.0,StimulusA,A,305,4231.2000034451485,49938.00068452954,45938.00068452954
1,Neocortex F.10Jan19,S1.E20,50000,2uM CCh + 2/3uM ML297,1385.8125,1715.12109375,"DAC0: PulseA -50 [200,1000];PulseB 200 [2000,4000];",/Volumes/Assets/Edward/Data/Traces/2019/01.January/Data 10 Jan 2019/Neocortex F.10Jan19.S1.E20.dat,1,True,200.0,1000.0,-50.0,2000.0,4000.0,200.0,pulseB,46000.0,StimulusA,A,262,4339.600005060434,49879.800683662295,45879.800683662295
1,Neocortex F.11Jan19,S1.E6,30000,2uM CCh + 2/3uM ML297,495.3125,538.98046875,"DAC0: PulseA -50 [200,1000];PulseB 200 [2000,4000];",/Volumes/Assets/Edward/Data/Traces/2019/01.January/Data 11 Jan 2019/Neocortex F.11Jan19.S1.E6.dat,1,True,200.0,1000.0,-50.0,2000.0,4000.0,200.0,pulseB,26000.0,StimulusA,A,233,4001.5000000223517,29978.300387106836,25978.300387106836
1,Neocortex F.11Jan19,S1.E7,30000,2uM CCh + 2/3uM ML297,589.5,633.16796875,"DAC0: PulseA -50 [200,1000];PulseB 150 [2000,4000];",/Volumes/Assets/Edward/Data/Traces/2019/01.January/Data 11 Jan 2019/Neocortex F.11Jan19.S1.E7.dat,1,True,200.0,1000.0,-50.0,2000.0,4000.0,150.0,pulseB,26000.0,StimulusA,A,224,4254.400003790855,29968.900386966765,25968.900386966765
1,Neocortex F.11Jan19,S1.E8,30000,2uM CCh + 2/3uM ML297,672.75,716.41796875,"DAC0: PulseA -50 [200,1000];PulseB 300 [2000,4000];",/Volumes/Assets/Edward/Data/Traces/2019/01.January/Data 11 Jan 2019/Neocortex F.11Jan19.S1.E8.dat,1,True,200.0,1000.0,-50.0,2000.0,4000.0,300.0,pulseB,26000.0,StimulusA,A,157,4001.3000000193715,29900.300385944545,25900.300385944545
1,Neocortex F.11Jan19,S1.E9,30000,2uM CCh + 2/3uM ML297,795.0,838.66796875,"DAC0: PulseA -50 [200,1000];PulseB 200 [2000,4000];",/Volumes/Assets/Edward/Data/Traces/2019/01.January/Data 11 Jan 2019/Neocortex F.11Jan19.S1.E9.dat,1,True,200.0,1000.0,-50.0,2000.0,4000.0,200.0,pulseB,26000.0,StimulusA,A,168,4371.300005532801,29918.500386215746,25918.500386215746
1,Neocortex F.11Jan19,S1.E10,30000,2uM CCh + 2/3uM ML297,878.3515625,922.01953125,"DAC0: PulseA -50 [200,1000];PulseB 150 [2000,4000];",/Volumes/Assets/Edward/Data/Traces/2019/01.January/Data 11 Jan 2019/Neocortex F.11Jan19.S1.E10.dat,1,True,200.0,1000.0,-50.0,2000.0,4000.0,150.0,pulseB,26000.0,StimulusA,A,215,4217.400003239512,29894.40038585663,25894.40038585663
1,Neocortex F.11Jan19,S1.E11,30000,2uM CCh + 2/3uM ML297,973.69140625,1017.359375,"DAC0: PulseA -50 [200,1000];PulseB 300 [2000,4000];",/Volumes/Assets/Edward/Data/Traces/2019/01.January/Data 11 Jan 2019/Neocortex F.11Jan19.S1.E11.dat,1,True,200.0,1000.0,-50.0,2000.0,4000.0,300.0,pulseB,26000.0,StimulusA,A,193,4275.50000410527,29995.000387355685,25995.000387355685
1,Neocortex F.12Dec18,S1.E8,25000,2uM CCh + 2/3uM ML297,668.859375,725.2421875,"DAC0: PulseA -50 [200,1000];PulseB 200 [2000,4000];",/Volumes/Assets/Edward/Data/Traces/2018/12.December/Data 12 Dec 2018/Neocortex F.12Dec18.S1.E8.dat,1,True,200.0,1000.0,-50.0,2000.0,4000.0,200.0,pulseB,21000.0,StimulusA,A,75,4335.4000049978495,24861.600310862064,20861.600310862064
1,Neocortex F.12Dec18,S1.E13,25000,2uM CCh + 2/3uM ML297,1067.69140625,1124.07421875,"DAC0: PulseA -50 [200,1000];PulseB 200 [2000,4000];",/Volumes/Assets/Edward/Data/Traces/2018/12.December/Data 12 Dec 2018/Neocortex F.12Dec18.S1.E13.dat,1,True,200.0,1000.0,-50.0,2000.0,4000.0,200.0,pulseB,21000.0,StimulusA,A,89,4270.700004033744,24812.100310124457,20812.100310124457
1,Neocortex F.12Dec18,S1.E18,25000,2uM CCh + 2/3uM ML297,1510.83984375,1567.22265625,"DAC0: PulseA -50 [200,1000];PulseB 200 [2000,4000];",/Volumes/Assets/Edward/Data/Traces/2018/12.December/Data 12 Dec 2018/Neocortex F.12Dec18.S1.E18.dat,1,True,200.0,1000.0,-50.0,2000.0,4000.0,200.0,pulseB,21000.0,StimulusA,A,85,4355.500005297363,24853.300310738385,20853.300310738385
1,Neocortex F.12Dec18,S1.E21,25000,2uM CCh + 2/3uM ML297,1845.18359375,1901.56640625,"DAC0: PulseA -50 [200,1000];PulseB 200 [2000,4000];",/Volumes/Assets/Edward/Data/Traces/2018/12.December/Data 12 Dec 2018/Neocortex F.12Dec18.S1.E21.dat,1,True,200.0,1000.0,-50.0,2000.0,4000.0,200.0,pulseB,21000.0,StimulusA,A,108,4260.700003884733,24911.100311599672,20911.100311599672
1,Neocortex F.12Dec18,S3.E1,25000,2uM CCh + 2/3uM ML297,4742.40625,4798.7890625,"DAC0: PulseA -50 [200,1000];PulseB 200 [2000,4000];",/Volumes/Assets/Edward/Data/Traces/2018/12.December/Data 12 Dec 2018/Neocortex F.12Dec18.S3.E1.dat,1,True,200.0,1000.0,-50.0,2000.0,4000.0,200.0,pulseB,21000.0,StimulusA,A,131,4195.9000029191375,24885.00031121075,20885.00031121075
1,Neocortex F.12Dec18,S3.E2,50000,2uM CCh + 2/3uM ML297,4843.40625,4899.7890625,"DAC0: PulseA -50 [200,1000];PulseB 200 [2000,4000];",/Volumes/Assets/Edward/Data/Traces/2018/12.December/Data 12 Dec 2018/Neocortex F.12Dec18.S3.E2.dat,1,True,200.0,1000.0,-50.0,2000.0,4000.0,200.0,pulseB,46000.0,StimulusA,A,230,4252.100003756583,49823.80068282783,45823.80068282783
1,Neocortex F.12Dec18,S3.E6,50000,2uM CCh + 2/3uM ML297,5434.7265625,5491.109375,"DAC0: PulseA -50 [200,1000];PulseB 200 [2000,4000];",/Volumes/Assets/Edward/Data/Traces/2018/12.December/Data 12 Dec 2018/Neocortex F.12Dec18.S3.E6.dat,1,True,200.0,1000.0,-50.0,2000.0,4000.0,200.0,pulseB,46000.0,StimulusA,A,274,4258.60000385344,49880.300683669746,45880.300683669746
1,Neocortex F.12Dec18,S3.E10,50000,2uM CCh + 2/3uM ML297,173.94921875,256.05859375,"DAC0: PulseA -50 [200,1000];PulseB 200 [2000,4000];",/Volumes/Assets/Edward/Data/Traces/2018/12.December/Data 12 Dec 2018/Neocortex F.12Dec18.S3.E10.dat,1,True,200.0,1000.0,-50.0,2000.0,4000.0,200.0,pulseB,46000.0,StimulusA,A,222,4263.900003932416,49848.4006831944,45848.4006831944
1,Neocortex F.12Dec18,S3.E17,50000,2uM CCh + 2/3uM ML297,1229.94140625,1312.05078125,"DAC0: PulseA -50 [200,1000];PulseB 200 [2000,4000];",/Volumes/Assets/Edward/Data/Traces/2018/12.December/Data 12 Dec 2018/Neocortex F.12Dec18.S3.E17.dat,1,True,200.0,1000.0,-50.0,2000.0,4000.0,200.0,pulseB,46000.0,StimulusA,A,256,4243.500003628433,49851.50068324059,45851.50068324059
1,Neocortex F.12Feb16,S1.E17,50000,,648.44140625,743.91015625,"DAC0: PulseB 200 [1000,3000];",/Volumes/Assets/Edward/Data/Traces/2016/02.February/Data 12 Feb 2016/Neocortex F.12Feb16.S1.E17.dat,1,False,,,,1000.0,3000.0,200.0,pulseB,47000.0,StimulusA,A,411,3539.100008033216,49936.30069940537,46936.30069940537
1,Neocortex F.12Feb16,S1.E18,50000,,831.56640625,927.03515625,"DAC0: PulseB 200 [1000,3000];",/Volumes/Assets/Edward/Data/Traces/2016/02.February/Data 12 Feb 2016/Neocortex F.12Feb16.S1.E18.dat,1,False,,,,1000.0,3000.0,200.0,pulseB,47000.0,StimulusA,A,487,3254.800003796816,49925.60069924593,46925.60069924593
1,Neocortex F.12Feb16,S1.E20,50000,,1100.87890625,1196.34765625,"DAC0: PulseB 200 [1000,3000];",/Volumes/Assets/Edward/Data/Traces/2016/02.February/Data 12 Feb 2016/Neocortex F.12Feb16.S1.E20.dat,1,False,,,,1000.0,3000.0,200.0,pulseB,47000.0,StimulusA,A,440,3397.200005918741,49932.10069934279,46932.10069934279
1,Neocortex F.13Jul18,S1.E8,50000,2uM CCh + 2/3uM ML297,914.26171875,1140.6484375,"DAC0: PulseA -75 [200,1000];PulseB 300 [4000,6000];",/Volumes/Assets/Edward/Data/Traces/2018/07.July/Data 13 Jul 2018/Neocortex F.13Jul18.S1.E8.dat,1,True,200.0,1000.0,-75.0,4000.0,6000.0,300.0,pulseB,44000.0,StimulusA,A,347,6407.8000060766935,49991.40065552294,43991.40065552294
1,Neocortex F.13Jul18,S1.E23,50000,2uM CCh + 2/3uM ML297,2855.3671875,3081.75390625,"DAC0: PulseA -75 [200,1000];PulseB 300 [4000,6000];",/Volumes/Assets/Edward/Data/Traces/2018/07.July/Data 13 Jul 2018/Neocortex F.13Jul18.S1.E23.dat,1,True,200.0,1000.0,-75.0,4000.0,6000.0,300.0,pulseB,44000.0,StimulusA,A,367,6001.400000020862,49984.200655415654,43984.200655415654
1,Neocortex F.13Jul18,S1.E24,50000,2uM CCh + 2/3uM ML297,2978.046875,3204.43359375,"DAC0: PulseA -75 [200,1000];PulseB 300 [4000,6000];",/Volumes/Assets/Edward/Data/Traces/2018/07.July/Data 13 Jul 2018/Neocortex F.13Jul18.S1.E24.dat,1,True,200.0,1000.0,-75.0,4000.0,6000.0,300.0,pulseB,44000.0,StimulusA,A,318,6586.700008742511,49985.500655435026,43985.500655435026
1,Neocortex F.13Jul18,S1.E35,50000,2uM CCh + 2/3uM ML297,4109.20703125,4335.59375,"DAC0: PulseA -75 [200,1000];PulseB 300 [4000,6000];",/Volumes/Assets/Edward/Data/Traces/2018/07.July/Data 13 Jul 2018/Neocortex F.13Jul18.S1.E35.dat,1,True,200.0,1000.0,-75.0,4000.0,6000.0,300.0,pulseB,44000.0,StimulusA,A,349,6519.7000077441335,49999.80065564811,43999.80065564811
1,Neocortex F.16Feb16,S1.E12,50000,,438.6328125,504.15234375,"DAC0: PulseB 200 [1000,3000];",/Volumes/Assets/Edward/Data/Traces/2016/02.February/Data 16 Feb 2016/Neocortex F.16Feb16.S1.E12.dat,1,False,,,,1000.0,3000.0,200.0,pulseB,47000.0,StimulusA,A,196,3409.6000061035156,49776.50069702417,46776.50069702417
1,Neocortex F.16Feb16,S1.E14,50000,,699.203125,764.72265625,"DAC0: PulseB 200 [1000,3000];",/Volumes/Assets/Edward/Data/Traces/2016/02.February/Data 16 Feb 2016/Neocortex F.16Feb16.S1.E14.dat,1,False,,,,1000.0,3000.0,200.0,pulseB,47000.0,StimulusA,A,218,3551.00000821054,49906.60069896281,46906.60069896281
1,Neocortex F.16Feb16,S1.E15,50000,,814.7421875,880.26171875,"DAC0: PulseB 200 [1000,3000];",/Volumes/Assets/Edward/Data/Traces/2016/02.February/Data 16 Feb 2016/Neocortex F.16Feb16.S1.E15.dat,1,False,,,,1000.0,3000.0,200.0,pulseB,47000.0,StimulusA,A,191,3533.7000079527497,49810.700697533786,46810.700697533786
1,Neocortex F.16Feb16,S1.E16,50000,,945.234375,1010.75390625,"DAC0: PulseB 200 [1000,3000];",/Volumes/Assets/Edward/Data/Traces/2016/02.February/Data 16 Feb 2016/Neocortex F.16Feb16.S1.E16.dat,1,False,,,,1000.0,3000.0,200.0,pulseB,47000.0,StimulusA,A,213,3481.300007171929,49820.40069767833,46820.40069767833
1,Neocortex F.18Mar16,S1.E10,30000,ML297+CCh,446.609375,566.34375,"DAC0: PulseB 300 [1000,3000];",/Volumes/Assets/Edward/Data/Traces/2016/03.March/Data 18 Mar 2016/Neocortex F.18Mar16.S1.E10.dat,1,False,,,,1000.0,3000.0,300.0,pulseB,27000.0,StimulusA,A,155,3948.6000141352415,29905.900400929153,26905.900400929153
1,Neocortex F.18Mar16,S1.E11,30000,ML297+CCh,712.44921875,832.18359375,"DAC0: PulseB 400 [1000,3000];",/Volumes/Assets/Edward/Data/Traces/2016/03.March/Data 18 Mar 2016/Neocortex F.18Mar16.S1.E11.dat,1,False,,,,1000.0,3000.0,400.0,pulseB,27000.0,StimulusA,A,169,3527.900007866323,29915.200401067734,26915.200401067734
1,Neocortex F.18Mar16,S1.E12,30000,ML297+CCh,843.23046875,962.96484375,"DAC0: PulseB 300 [1000,3000];",/Volumes/Assets/Edward/Data/Traces/2016/03.March/Data 18 Mar 2016/Neocortex F.18Mar16.S1.E12.dat,1,False,,,,1000.0,3000.0,300.0,pulseB,27000.0,StimulusA,A,171,3768.200011447072,29989.50040217489,26989.50040217489
1,Neocortex F.18Sep15,S1.E14,40000,ML297+CCh,1269.0,1462.6171875,"DAC0: PulseB 300 [1000,3000];",/Volumes/Assets/Edward/Data/Traces/2015/09.September/Data 18 Sep 2015/Neocortex F.18Sep15.S1.E14.dat,1,False,,,,1000.0,3000.0,300.0,pulseB,37000.0,StimulusA,A,171,4177.100017540157,39997.40055130422,36997.40055130422
1,Neocortex F.18Sep15,S1.E15,40000,ML297+CCh,1427.80859375,1621.42578125,"DAC0: PulseB 250 [1000,3000];",/Volumes/Assets/Edward/Data/Traces/2015/09.September/Data 18 Sep 2015/Neocortex F.18Sep15.S1.E15.dat,1,False,,,,1000.0,3000.0,250.0,pulseB,37000.0,StimulusA,A,168,3797.300011880696,39876.40054950118,36876.40054950118
1,Neocortex F.18Sep15,S1.E16,40000,ML297+CCh,1566.6015625,1760.21875,"DAC0: PulseB 200 [1000,3000];",/Volumes/Assets/Edward/Data/Traces/2015/09.September/Data 18 Sep 2015/Neocortex F.18Sep15.S1.E16.dat,1,False,,,,1000.0,3000.0,200.0,pulseB,37000.0,StimulusA,A,153,4021.1000152155757,39971.90055092424,36971.90055092424
1,Neocortex F.18Sep15,S1.E17,40000,ML297+CCh,1687.0703125,1880.6875,"DAC0: PulseB 150 [1000,3000];",/Volumes/Assets/Edward/Data/Traces/2015/09.September/Data 18 Sep 2015/Neocortex F.18Sep15.S1.E17.dat,1,False,,,,1000.0,3000.0,150.0,pulseB,37000.0,StimulusA,A,134,4782.100026555359,39886.40054965019,36886.40054965019
1,Neocortex F.18Sep15,S1.E18,40000,ML297+CCh,1816.62890625,2010.24609375,"DAC0: PulseB 125 [1000,3000];",/Volumes/Assets/Edward/Data/Traces/2015/09.September/Data 18 Sep 2015/Neocortex F.18Sep15.S1.E18.dat,1,False,,,,1000.0,3000.0,125.0,pulseB,37000.0,StimulusA,A,62,4124.900016762316,20453.600260078907,17453.600260078907
1,Neocortex F.18Sep15,S1.E23,40000,ML297+CCh,2110.74609375,2304.36328125,"DAC0: PulseB 200 [1000,3000];",/Volumes/Assets/Edward/Data/Traces/2015/09.September/Data 18 Sep 2015/Neocortex F.18Sep15.S1.E23.dat,1,False,,,,1000.0,3000.0,200.0,pulseB,37000.0,StimulusA,A,138,4325.200019747019,39833.50054886192,36833.50054886192
1,Neocortex F.23Mar16,S1.E11,40000,2uM CCh,872.54296875,1082.3046875,"DAC0: PulseB 300 [1000,3000];",/Volumes/Assets/Edward/Data/Traces/2016/03.March/Data 23 Mar 2016/Neocortex F.23Mar16.S1.E11.dat,1,False,,,,1000.0,3000.0,300.0,pulseB,37000.0,StimulusA,A,212,4131.100016854703,39967.000550851226,36967.000550851226
1,Neocortex F.29Feb16,S1.E20,50000,,1959.17578125,2045.01953125,"DAC0: PulseB 300 [1000,3000];",/Volumes/Assets/Edward/Data/Traces/2016/02.February/Data 29 Feb 2016/Neocortex F.29Feb16.S1.E20.dat,1,False,,,,1000.0,3000.0,300.0,pulseB,47000.0,StimulusA,A,137,3494.6000073701143,49683.20069563389,46683.20069563389
1,Neocortex F.29Feb16,S1.E21,50000,,2097.8515625,2183.6953125,"DAC0: PulseB 300 [1000,3000];",/Volumes/Assets/Edward/Data/Traces/2016/02.February/Data 29 Feb 2016/Neocortex F.29Feb16.S1.E21.dat,1,False,,,,1000.0,3000.0,300.0,pulseB,47000.0,StimulusA,A,123,3532.6000079363585,49659.60069528222,46659.60069528222
1,Neocortex F.29Feb16,S1.E22,50000,,2317.203125,2403.046875,"DAC0: PulseB 300 [1000,3000];",/Volumes/Assets/Edward/Data/Traces/2016/02.February/Data 29 Feb 2016/Neocortex F.29Feb16.S1.E22.dat,1,False,,,,1000.0,3000.0,300.0,pulseB,47000.0,StimulusA,A,134,3476.100007094443,49946.1006995514,46946.1006995514
1,Neocortex F.29Feb16,S1.E23,50000,,2423.97265625,2509.81640625,"DAC0: PulseB 300 [1000,3000];",/Volumes/Assets/Edward/Data/Traces/2016/02.February/Data 29 Feb 2016/Neocortex F.29Feb16.S1.E23.dat,1,False,,,,1000.0,3000.0,300.0,pulseB,47000.0,StimulusA,A,122,3506.300007544458,49641.20069500804,46641.20069500804
1,Neocortex F.29Feb16,S1.E24,50000,,2520.83984375,2606.68359375,"DAC0: PulseB 500 [1000,3000];",/Volumes/Assets/Edward/Data/Traces/2016/02.February/Data 29 Feb 2016/Neocortex F.29Feb16.S1.E24.dat,1,False,,,,1000.0,3000.0,500.0,pulseB,47000.0,StimulusA,A,95,3668.6000099629164,49721.20069620013,46721.20069620013
1,Neocortex F.30Nov18,S1.E7,50000,2uM CCh + 2/3uM ML297,592.33203125,623.82421875,"DAC0: PulseA -50 [200,1000];PulseB 200 [2000,4000];",/Volumes/Assets/Edward/Data/Traces/2018/11.November/Data 30 Nov 2018/Neocortex F.30Nov18.S1.E7.dat,1,True,200.0,1000.0,-50.0,2000.0,4000.0,200.0,pulseB,46000.0,StimulusA,A,232,4347.700005181134,49967.40068496764,45967.40068496764
1,Neocortex G.01Mar16,S1.E20,50000,ML297+CCh+1/2NS309,1332.28125,1393.3046875,"DAC0: PulseB 500 [1000,3000];",/Volumes/Assets/Edward/Data/Traces/2016/03.March/Data 1 Mar 2016/Neocortex G.01Mar16.S1.E20.dat,1,False,,,,1000.0,3000.0,500.0,pulseB,47000.0,StimulusA,A,131,3697.9000103995204,49919.30069915205,46919.30069915205
1,Neocortex G.01Mar16,S1.E21,50000,ML297+CCh+1/2NS309,1551.8515625,1612.875,"DAC0: PulseB 500 [1000,3000];",/Volumes/Assets/Edward/Data/Traces/2016/03.March/Data 1 Mar 2016/Neocortex G.01Mar16.S1.E21.dat,1,False,,,,1000.0,3000.0,500.0,pulseB,47000.0,StimulusA,A,112,3711.0000105947256,49967.20069986582,46967.20069986582
1,Neocortex G.01Mar16,S1.E22,50000,ML297+CCh+1/2NS309,2034.328125,2095.3515625,"DAC0: PulseB 500 [1000,3000];",/Volumes/Assets/Edward/Data/Traces/2016/03.March/Data 1 Mar 2016/Neocortex G.01Mar16.S1.E22.dat,1,False,,,,1000.0,3000.0,500.0,pulseB,47000.0,StimulusA,A,144,3000.4000000059605,49753.50069668144,46753.50069668144
1,Neocortex G.02Mar16,S1.E14,50000,ML297+CCh+1/2uM NS309,2374.76171875,2415.87109375,"DAC0: PulseB 300 [1000,3000];",/Volumes/Assets/Edward/Data/Traces/2016/03.March/Data 2 Mar 2016/Neocortex G.02Mar16.S1.E14.dat,1,False,,,,1000.0,3000.0,300.0,pulseB,47000.0,StimulusA,A,166,3602.6000089794397,49820.90069768578,46820.90069768578
1,Neocortex G.02Mar16,S1.E15,50000,ML297+CCh+1/2uM NS309,2672.27734375,2713.38671875,"DAC0: PulseB 300 [1000,3000];",/Volumes/Assets/Edward/Data/Traces/2016/03.March/Data 2 Mar 2016/Neocortex G.02Mar16.S1.E15.dat,1,False,,,,1000.0,3000.0,300.0,pulseB,47000.0,StimulusA,A,124,3831.900012396276,49946.00069954991,46946.00069954991
1,Neocortex G.02Mar16,S1.E16,50000,ML297+CCh+1/2uM NS309,2935.171875,2976.28125,"DAC0: PulseB 500 [1000,3000];",/Volumes/Assets/Edward/Data/Traces/2016/03.March/Data 2 Mar 2016/Neocortex G.02Mar16.S1.E16.dat,1,False,,,,1000.0,3000.0,500.0,pulseB,47000.0,StimulusA,A,122,3843.7000125721097,49935.80069939792,46935.80069939792
1,Neocortex G.02Mar16,S1.E17,50000,ML297+CCh+1/2uM NS309,3221.40234375,3262.51171875,"DAC0: PulseB 500 [1000,3000];",/Volumes/Assets/Edward/Data/Traces/2016/03.March/Data 2 Mar 2016/Neocortex G.02Mar16.S1.E17.dat,1,False,,,,1000.0,3000.0,500.0,pulseB,47000.0,StimulusA,A,111,3946.7000141069293,49871.000698432326,46871.000698432326
1,Neocortex G.02Mar16,S1.E18,50000,ML297+CCh+1/2uM NS309,3487.67578125,3528.78515625,"DAC0: PulseB 500 [1000,3000];",/Volumes/Assets/Edward/Data/Traces/2016/03.March/Data 2 Mar 2016/Neocortex G.02Mar16.S1.E18.dat,1,False,,,,1000.0,3000.0,500.0,pulseB,47000.0,StimulusA,A,115,4178.5000175610185,49763.80069683492,46763.80069683492
1,Neocortex G.02Mar16,S1.E19,50000,ML297+CCh+1/2uM NS309,3768.44921875,3809.55859375,"DAC0: PulseB 500 [1000,3000];",/Volumes/Assets/Edward/Data/Traces/2016/03.March/Data 2 Mar 2016/Neocortex G.02Mar16.S1.E19.dat,1,False,,,,1000.0,3000.0,500.0,pulseB,47000.0,StimulusA,A,109,4288.300019197166,49896.600698813796,46896.600698813796
1,Neocortex G.04Dec18,S1.E7,25000,2uM CCh + 2/3uM ML297,748.15234375,1096.1328125,"DAC0: PulseA -50 [200,1000];PulseB 200 [2000,4000];",/Volumes/Assets/Edward/Data/Traces/2018/12.December/Data 4 Dec 2018/Neocortex G.04Dec18.S1.E7.dat,1,True,200.0,1000.0,-50.0,2000.0,4000.0,200.0,pulseB,21000.0,StimulusA,A,125,4446.800006657839,24926.40031182766,20926.40031182766
1,Neocortex G.04Dec18,S1.E14,25000,2uM CCh + 2/3uM ML297,1325.734375,1673.71484375,"DAC0: PulseA -50 [200,1000];PulseB 200 [2000,4000];",/Volumes/Assets/Edward/Data/Traces/2018/12.December/Data 4 Dec 2018/Neocortex G.04Dec18.S1.E14.dat,1,True,200.0,1000.0,-50.0,2000.0,4000.0,200.0,pulseB,21000.0,StimulusA,A,89,4498.2000074237585,24761.80030937493,20761.80030937493
1,Neocortex G.04Dec18,S1.E31,25000,2uM CCh + 2/3uM ML297,2857.0859375,3205.06640625,"DAC0: PulseA -50 [200,1000];PulseB 200 [2000,4000];",/Volumes/Assets/Edward/Data/Traces/2018/12.December/Data 4 Dec 2018/Neocortex G.04Dec18.S1.E31.dat,1,True,200.0,1000.0,-50.0,2000.0,4000.0,200.0,pulseB,21000.0,StimulusA,A,46,4458.700006835163,24337.900303058326,20337.900303058326
1,Neocortex G.04Dec18,S1.E32,25000,2uM CCh + 2/3uM ML297,3003.50390625,3351.484375,"DAC0: PulseA -50 [200,1000];PulseB 200 [2000,4000];",/Volumes/Assets/Edward/Data/Traces/2018/12.December/Data 4 Dec 2018/Neocortex G.04Dec18.S1.E32.dat,1,True,200.0,1000.0,-50.0,2000.0,4000.0,200.0,pulseB,21000.0,StimulusA,A,91,4330.3000049218535,24816.900310195982,20816.900310195982
1,Neocortex G.04Dec18,S1.E38,25000,2uM CCh + 2/3uM ML297,3670.546875,4018.52734375,"DAC0: PulseA -50 [200,1000];PulseB 200 [2000,4000];",/Volumes/Assets/Edward/Data/Traces/2018/12.December/Data 4 Dec 2018/Neocortex G.04Dec18.S1.E38.dat,1,True,200.0,1000.0,-50.0,2000.0,4000.0,200.0,pulseB,21000.0,StimulusA,A,72,4405.400006040931,24830.9003104046,20830.9003104046
1,Neocortex G.04Sep15,S1.E23,50000,ML297+CCh,1878.67578125,1933.1875,"DAC0: PulseB 150 [1000,3000];",/Volumes/Assets/Edward/Data/Traces/2015/09.September/Data 4 Sep 2015/Neocortex G.04Sep15.S1.E23.dat,1,False,,,,1000.0,3000.0,150.0,pulseB,47000.0,StimulusA,A,174,3492.2000073343515,49726.90069628507,46726.90069628507
1,Neocortex G.04Sep15,S1.E27,50000,ML297+CCh,2164.80078125,2219.3125,"DAC0: PulseB 175 [1000,3000];",/Volumes/Assets/Edward/Data/Traces/2015/09.September/Data 4 Sep 2015/Neocortex G.04Sep15.S1.E27.dat,1,False,,,,1000.0,3000.0,175.0,pulseB,47000.0,StimulusA,A,216,3467.3000069633126,49881.60069859028,46881.60069859028
1,Neocortex G.07Sep16,S1.E7,20000,5uM CCh,297.52734375,330.7578125,"DAC0: PulseA -50 [100,700];PulseB 300 [2000,4000];",/Volumes/Assets/Edward/Data/Traces/2016/09.September/Data 7 Sep 2016/Neocortex G.07Sep16.S1.E7.dat,1,True,100.0,700.0,-50.0,2000.0,4000.0,300.0,pulseB,16000.0,StimulusA,A,142,4290.500004328787,19976.700238071382,15976.700238071382
1,Neocortex G.08Feb16,S1.E19,50000,,910.4296875,1036.79296875,"DAC0: PulseB 300 [1000,3000];",/Volumes/Assets/Edward/Data/Traces/2016/02.February/Data 8 Feb 2016/Neocortex G.08Feb16.S1.E19.dat,1,False,,,,1000.0,3000.0,300.0,pulseB,47000.0,StimulusA,A,180,3305.600004553795,49721.80069620907,46721.80069620907
1,Neocortex G.08Feb16,S1.E21,50000,,1119.78125,1246.14453125,"DAC0: PulseB 300 [1000,3000];",/Volumes/Assets/Edward/Data/Traces/2016/02.February/Data 8 Feb 2016/Neocortex G.08Feb16.S1.E21.dat,1,False,,,,1000.0,3000.0,300.0,pulseB,47000.0,StimulusA,A,138,3397.800005927682,49941.00069947541,46941.00069947541
1,Neocortex G.08Feb16,S1.E22,50000,,1247.0390625,1373.40234375,"DAC0: PulseB 300 [1000,3000];",/Volumes/Assets/Edward/Data/Traces/2016/02.February/Data 8 Feb 2016/Neocortex G.08Feb16.S1.E22.dat,1,False,,,,1000.0,3000.0,300.0,pulseB,47000.0,StimulusA,A,152,3362.400005400181,49673.40069548786,46673.40069548786
1,Neocortex G.08Jun15,S1.E27,50000,7.5uM CCh,1122.08203125,1193.53125,"DAC0: PulseB 150 [1000,3000];",/Volumes/Assets/Edward/Data/Traces/2015/06.June/Data 8 Jun 2015/Neocortex G.08Jun15.S1.E27.dat,1,False,,,,1000.0,3000.0,150.0,pulseB,47000.0,StimulusA,A,175,3594.0000088512897,49643.80069504678,46643.80069504678
1,Neocortex G.08Jun15,S1.E30,50000,7.5uM CCh,1329.80859375,1401.2578125,"DAC0: PulseB 150 [1000,3000];",/Volumes/Assets/Edward/Data/Traces/2015/06.June/Data 8 Jun 2015/Neocortex G.08Jun15.S1.E30.dat,1,False,,,,1000.0,3000.0,150.0,pulseB,47000.0,StimulusA,A,212,3401.400005981326,49768.100696899,46768.100696899
1,Neocortex G.08Jun15,S1.E33,50000,7.5uM CCh,1493.48828125,1564.9375,"DAC0: PulseB 150 [1000,3000];",/Volumes/Assets/Edward/Data/Traces/2015/06.June/Data 8 Jun 2015/Neocortex G.08Jun15.S1.E33.dat,1,False,,,,1000.0,3000.0,150.0,pulseB,47000.0,StimulusA,A,220,3429.600006401539,49925.80069924891,46925.80069924891
1,Neocortex G.08Mar18,S1.E5,50000,2uM CCh + 2/3uM ML297,887.625,900.35546875,"DAC0: PulseA -50 [200,1000];PulseB 200 [2000,4000];",/Volumes/Assets/Edward/Data/Traces/2018/03.March/Data 8 Mar 2018/Neocortex G.08Mar18.S1.E5.dat,1,True,200.0,1000.0,-50.0,2000.0,4000.0,200.0,pulseB,46000.0,StimulusA,A,286,4268.800004005432,49841.90068309754,45841.90068309754
1,Neocortex G.08Mar18,S1.E18,50000,2uM CCh + 2/3uM ML297,727.6328125,746.6328125,"DAC0: PulseA -50 [200,1000];PulseB 200 [2000,4000];",/Volumes/Assets/Edward/Data/Traces/2018/03.March/Data 8 Mar 2018/Neocortex G.08Mar18.S1.E18.dat,1,True,200.0,1000.0,-50.0,2000.0,4000.0,200.0,pulseB,46000.0,StimulusA,A,230,4371.500005535781,49790.60068233311,45790.60068233311
1,Neocortex G.08Mar18,S1.E33,50000,2uM CCh + 2/3uM ML297,1747.40234375,1766.40234375,"DAC0: PulseA -50 [200,1000];PulseB 200 [2000,4000];",/Volumes/Assets/Edward/Data/Traces/2018/03.March/Data 8 Mar 2018/Neocortex G.08Mar18.S1.E33.dat,1,True,200.0,1000.0,-50.0,2000.0,4000.0,200.0,pulseB,46000.0,StimulusA,A,259,4394.300005875528,49957.700684823096,45957.700684823096
1,Neocortex G.09Feb16,S1.E17,50000,,831.5,899.94140625,"DAC0: PulseB 200 [1000,3000];",/Volumes/Assets/Edward/Data/Traces/2016/02.February/Data 9 Feb 2016/Neocortex G.09Feb16.S1.E17.dat,1,False,,,,1000.0,3000.0,200.0,pulseB,47000.0,StimulusA,A,145,3483.800007209182,49958.20069973171,46958.20069973171
1,Neocortex G.09Feb16,S1.E20,50000,,1218.8125,1287.25390625,"DAC0: PulseB 200 [1000,3000];",/Volumes/Assets/Edward/Data/Traces/2016/02.February/Data 9 Feb 2016/Neocortex G.09Feb16.S1.E20.dat,1,False,,,,1000.0,3000.0,200.0,pulseB,47000.0,StimulusA,A,173,3338.400005042553,49764.20069684088,46764.20069684088
1,Neocortex G.09Feb16,S1.E27,50000,,1903.23046875,1971.671875,"DAC0: PulseB 200 [1000,3000];",/Volumes/Assets/Edward/Data/Traces/2016/02.February/Data 9 Feb 2016/Neocortex G.09Feb16.S1.E27.dat,1,False,,,,1000.0,3000.0,200.0,pulseB,47000.0,StimulusA,A,106,3527.800007864833,49651.80069516599,46651.80069516599
1,Neocortex G.11Jul18,S1.E4,50000,2uM CCh + 2/3uM ML297,752.30078125,1025.19140625,"DAC0: PulseA -50 [200,1000];PulseB 200 [2000,4000];",/Volumes/Assets/Edward/Data/Traces/2018/07.July/Data 11 Jul 2018/Neocortex G.11Jul18.S1.E4.dat,1,True,200.0,1000.0,-50.0,2000.0,4000.0,200.0,pulseB,46000.0,StimulusA,A,343,4288.300004296005,49965.500684939325,45965.500684939325
1,Neocortex G.11Jul18,S1.E23,50000,2uM CCh + 2/3uM ML297,99.58984375,138.51171875,"DAC0: PulseA -100 [200,1000];PulseB 200 [2000,4000];",/Volumes/Assets/Edward/Data/Traces/2018/07.July/Data 11 Jul 2018/Neocortex G.11Jul18.S1.E23.dat,1,True,200.0,1000.0,-100.0,2000.0,4000.0,200.0,pulseB,46000.0,StimulusA,A,334,4737.700010992587,49987.50068526715,45987.50068526715
1,Neocortex G.11Jul18,S1.E35,50000,2uM CCh + 2/3uM ML297,409.609375,467.55078125,"DAC0: PulseA -100 [200,1000];PulseB 200 [2000,4000];",/Volumes/Assets/Edward/Data/Traces/2018/07.July/Data 11 Jul 2018/Neocortex G.11Jul18.S1.E35.dat,1,True,200.0,1000.0,-100.0,2000.0,4000.0,200.0,pulseB,46000.0,StimulusA,A,418,4250.300003729761,49967.60068497062,45967.60068497062
1,Neocortex G.11Jul18,S1.E36,50000,2uM CCh + 2/3uM ML297,561.58203125,619.5234375,"DAC0: PulseA -100 [200,1000];PulseB 200 [2000,4000];",/Volumes/Assets/Edward/Data/Traces/2018/07.July/Data 11 Jul 2018/Neocortex G.11Jul18.S1.E36.dat,1,True,200.0,1000.0,-100.0,2000.0,4000.0,200.0,pulseB,46000.0,StimulusA,A,359,4324.600004836917,49898.50068394095,45898.50068394095
1,Neocortex G.11Jul18,S1.E37,50000,2uM CCh + 2/3uM ML297,668.19140625,726.1328125,"DAC0: PulseA -100 [200,1000];PulseB 200 [2000,4000];",/Volumes/Assets/Edward/Data/Traces/2018/07.July/Data 11 Jul 2018/Neocortex G.11Jul18.S1.E37.dat,1,True,200.0,1000.0,-100.0,2000.0,4000.0,200.0,pulseB,46000.0,StimulusA,A,219,4961.200014322996,49906.100684054196,45906.100684054196
1,Neocortex G.14Mar18,S1.E6,50000,2uM CCh + 2/3ML297,658.078125,739.3984375,"DAC0: PulseA -50 [200,1000];PulseB 200 [2000,4000];",/Volumes/Assets/Edward/Data/Traces/2018/03.March/Data 14 Mar 2018/Neocortex G.14Mar18.S1.E6.dat,1,True,200.0,1000.0,-50.0,2000.0,4000.0,200.0,pulseB,46000.0,StimulusA,A,106,4577.4000086039305,49785.100682251155,45785.100682251155
1,Neocortex G.14Mar18,S1.E9,50000,2uM CCh + 2/3ML297,1037.83984375,1119.16015625,"DAC0: PulseA -50 [200,1000];PulseB 200 [2000,4000];",/Volumes/Assets/Edward/Data/Traces/2018/03.March/Data 14 Mar 2018/Neocortex G.14Mar18.S1.E9.dat,1,True,200.0,1000.0,-50.0,2000.0,4000.0,200.0,pulseB,46000.0,StimulusA,A,133,4574.900008566678,49795.30068240315,45795.30068240315
1,Neocortex G.14Mar18,S1.E12,50000,2uM CCh + 2/3ML297,1541.28125,1622.6015625,"DAC0: PulseA -50 [200,1000];PulseB 200 [2000,4000];",/Volumes/Assets/Edward/Data/Traces/2018/03.March/Data 14 Mar 2018/Neocortex G.14Mar18.S1.E12.dat,1,True,200.0,1000.0,-50.0,2000.0,4000.0,200.0,pulseB,46000.0,StimulusA,A,162,4491.3000073209405,49904.600684031844,45904.600684031844
1,Neocortex G.15Feb16,S1.E12,50000,,361.00390625,424.51953125,"DAC0: PulseB 200 [1000,3000];",/Volumes/Assets/Edward/Data/Traces/2016/02.February/Data 15 Feb 2016/Neocortex G.15Feb16.S1.E12.dat,1,False,,,,1000.0,3000.0,200.0,pulseB,47000.0,StimulusA,A,252,3196.500002928078,49975.00069998205,46975.00069998205
1,Neocortex G.15Feb16,S1.E13,50000,,506.18359375,569.69921875,"DAC0: PulseB 200 [1000,3000];",/Volumes/Assets/Edward/Data/Traces/2016/02.February/Data 15 Feb 2016/Neocortex G.15Feb16.S1.E13.dat,1,False,,,,1000.0,3000.0,200.0,pulseB,47000.0,StimulusA,A,249,3206.60000307858,49856.30069821328,46856.30069821328
1,Neocortex G.15Feb16,S1.E14,50000,,566.19921875,629.71484375,"DAC0: PulseB 200 [1000,3000];",/Volumes/Assets/Edward/Data/Traces/2016/02.February/Data 15 Feb 2016/Neocortex G.15Feb16.S1.E14.dat,1,False,,,,1000.0,3000.0,200.0,pulseB,47000.0,StimulusA,A,241,3219.2000032663345,49924.80069923401,46924.80069923401
1,Neocortex G.15Feb16,S1.E15,50000,,661.31640625,724.83203125,"DAC0: PulseB 200 [1000,3000];",/Volumes/Assets/Edward/Data/Traces/2016/02.February/Data 15 Feb 2016/Neocortex G.15Feb16.S1.E15.dat,1,False,,,,1000.0,3000.0,200.0,pulseB,47000.0,StimulusA,A,238,3263.9000039324164,49937.10069941729,46937.10069941729
1,Neocortex G.15Feb16,S1.E20,50000,,1044.76171875,1108.27734375,"DAC0: PulseB 200 [1000,3000];",/Volumes/Assets/Edward/Data/Traces/2016/02.February/Data 15 Feb 2016/Neocortex G.15Feb16.S1.E20.dat,1,False,,,,1000.0,3000.0,200.0,pulseB,47000.0,StimulusA,A,296,3206.60000307858,49847.90069808811,46847.90069808811
1,Neocortex G.16Feb16,S1.E12,50000,,425.1328125,671.2109375,"DAC0: PulseB 200 [1000,3000];",/Volumes/Assets/Edward/Data/Traces/2016/02.February/Data 16 Feb 2016/Neocortex G.16Feb16.S1.E12.dat,1,False,,,,1000.0,3000.0,200.0,pulseB,47000.0,StimulusA,A,225,3417.2000062167645,49864.60069833696,46864.60069833696
1,Neocortex G.16Jul18,S1.E6,50000,2uM CCh + 2/3uM ML297,1029.703125,1325.78125,"DAC0: PulseA -50 [200,1000];PulseB 200 [4000,6000];",/Volumes/Assets/Edward/Data/Traces/2018/07.July/Data 16 Jul 2018/Neocortex G.16Jul18.S1.E6.dat,1,True,200.0,1000.0,-50.0,4000.0,6000.0,200.0,pulseB,44000.0,StimulusA,A,265,6391.500005833805,49877.60065382719,43877.60065382719
1,Neocortex G.16Jul18,S1.E23,50000,2uM CCh + 2/3uM ML297,3092.234375,3388.3125,"DAC0: PulseA -75 [200,1000];PulseB 200 [4000,6000];",/Volumes/Assets/Edward/Data/Traces/2018/07.July/Data 16 Jul 2018/Neocortex G.16Jul18.S1.E23.dat,1,True,200.0,1000.0,-75.0,4000.0,6000.0,200.0,pulseB,44000.0,StimulusA,A,121,6384.5000057294965,49584.40064945817,43584.40064945817
1,Neocortex G.18Mar16,S1.E14,30000,,25.86328125,565.4765625,"DAC0: PulseB 400 [1000,3000];",/Volumes/Assets/Edward/Data/Traces/2016/03.March/Data 18 Mar 2016/Neocortex G.18Mar16.S1.E14.dat,1,False,,,,1000.0,3000.0,400.0,pulseB,27000.0,StimulusA,A,217,3413.8000061661005,29993.600402235985,26993.600402235985
1,Neocortex G.18Mar16,S1.E15,30000,,132.48046875,672.09375,"DAC0: PulseB 400 [1000,3000];",/Volumes/Assets/Edward/Data/Traces/2016/03.March/Data 18 Mar 2016/Neocortex G.18Mar16.S1.E15.dat,1,False,,,,1000.0,3000.0,400.0,pulseB,27000.0,StimulusA,A,227,3337.8000050336123,29893.90040075034,26893.90040075034
1,Neocortex G.21Nov16,S1.E23,50000,2uM CCh,1356.57421875,1497.71875,"DAC0: PulseB 300 [1000,3000];",/Volumes/Assets/Edward/Data/Traces/2016/11.November/Data 21 Nov 2016/Neocortex G.21Nov16.S1.E23.dat,1,False,,,,1000.0,3000.0,300.0,pulseB,47000.0,StimulusA,A,264,3249.5000037178397,49978.70070003718,46978.70070003718
1,Neocortex G.21Nov16,S1.E26,50000,2uM CCh,1924.82421875,2065.96875,"DAC0: PulseB 300 [1000,3000];",/Volumes/Assets/Edward/Data/Traces/2016/11.November/Data 21 Nov 2016/Neocortex G.21Nov16.S1.E26.dat,1,False,,,,1000.0,3000.0,300.0,pulseB,47000.0,StimulusA,A,325,3195.8000029176474,49988.6007001847,46988.6007001847
1,Neocortex G.21Nov16,S1.E28,50000,2uM CCh,2240.7265625,2381.87109375,"DAC0: PulseB 300 [1000,3000];",/Volumes/Assets/Edward/Data/Traces/2016/11.November/Data 21 Nov 2016/Neocortex G.21Nov16.S1.E28.dat,1,False,,,,1000.0,3000.0,300.0,pulseB,47000.0,StimulusA,A,304,3223.7000033333898,49931.000699326396,46931.000699326396
1,Neocortex G.21Nov16,S1.E30,50000,2uM CCh,2516.0859375,2657.23046875,"DAC0: PulseB 300 [1000,3000];",/Volumes/Assets/Edward/Data/Traces/2016/11.November/Data 21 Nov 2016/Neocortex G.21Nov16.S1.E30.dat,1,False,,,,1000.0,3000.0,300.0,pulseB,47000.0,StimulusA,A,281,3237.4000035375357,49856.30069821328,46856.30069821328
1,Neocortex G.22Sep16,S1.E11,40000,2uM CCh,439.9453125,673.6953125,"DAC0: PulseB 300 [1000,3000];",/Volumes/Assets/Edward/Data/Traces/2016/09.September/Data 22 Sep 2016/Neocortex G.22Sep16.S1.E11.dat,1,False,,,,1000.0,3000.0,300.0,pulseB,37000.0,StimulusA,A,153,3337.0000050216913,39995.6005512774,36995.6005512774
1,Neocortex G.22Sep16,S1.E14,40000,2uM CCh,678.3671875,912.1171875,"DAC0: PulseB 300 [1000,3000];",/Volumes/Assets/Edward/Data/Traces/2016/09.September/Data 22 Sep 2016/Neocortex G.22Sep16.S1.E14.dat,1,False,,,,1000.0,3000.0,300.0,pulseB,37000.0,StimulusA,A,205,3351.500005237758,39873.40054945648,36873.40054945648
1,Neocortex G.25Feb16,S1.E15,50000,,644.703125,724.9453125,"DAC0: PulseB 200 [1000,3000];",/Volumes/Assets/Edward/Data/Traces/2016/02.February/Data 25 Feb 2016/Neocortex G.25Feb16.S1.E15.dat,1,False,,,,1000.0,3000.0,200.0,pulseB,47000.0,StimulusA,A,304,4531.000022813678,49882.10069859773,46882.10069859773
1,Neocortex G.26Aug16,S1.E9,20000,2uM CCh + 10uM ZD7288,486.11328125,609.12109375,"DAC0: PulseA -50 [100,700];PulseB 400 [2000,4000];",/Volumes/Assets/Edward/Data/Traces/2016/08.August/Data 26 Aug 2016/Neocortex G.26Aug16.S1.E9.dat,1,True,100.0,700.0,-50.0,2000.0,4000.0,400.0,pulseB,16000.0,StimulusA,A,122,4306.400004565716,19989.400238260627,15989.400238260627
1,Neocortex G.26Aug16,S1.E11,20000,2uM CCh + 10uM ZD7288,735.62109375,858.62890625,"DAC0: PulseA -50 [100,700];PulseB 400 [2000,4000];",/Volumes/Assets/Edward/Data/Traces/2016/08.August/Data 26 Aug 2016/Neocortex G.26Aug16.S1.E11.dat,1,True,100.0,700.0,-50.0,2000.0,4000.0,400.0,pulseB,16000.0,StimulusA,A,109,4434.600006476045,19958.00023779273,15958.00023779273
1,Neocortex G.26Aug16,S1.E12,20000,2uM CCh + 10uM ZD7288,821.18359375,944.19140625,"DAC0: PulseA -50 [100,700];PulseB 400 [2000,4000];",/Volumes/Assets/Edward/Data/Traces/2016/08.August/Data 26 Aug 2016/Neocortex G.26Aug16.S1.E12.dat,1,True,100.0,700.0,-50.0,2000.0,4000.0,400.0,pulseB,16000.0,StimulusA,A,110,4370.20000551641,19921.500237248838,15921.500237248838
1,Neocortex G.26Aug16,S1.E15,20000,2uM CCh + 10uM ZD7288,933.671875,1056.6796875,"DAC0: PulseA -50 [100,700];PulseB 400 [2000,4000];",/Volumes/Assets/Edward/Data/Traces/2016/08.August/Data 26 Aug 2016/Neocortex G.26Aug16.S1.E15.dat,1,True,100.0,700.0,-50.0,2000.0,4000.0,400.0,pulseB,16000.0,StimulusA,A,74,4000.4000000059605,19790.900235302746,15790.900235302746
1,Neocortex H.02Mar16,S1.E13,20000,ML297+CCh+1/2uM NS309,542.9375,621.4375,"DAC0: PulseB 500 [1000,3000];",/Volumes/Assets/Edward/Data/Traces/2016/03.March/Data 2 Mar 2016/Neocortex H.02Mar16.S1.E13.dat,1,False,,,,1000.0,3000.0,500.0,pulseB,17000.0,StimulusA,A,119,3439.4000065475702,19914.10025203973,16914.10025203973
1,Neocortex H.02Mar16,S1.E14,20000,ML297+CCh+1/2uM NS309,666.46875,744.96875,"DAC0: PulseB 500 [1000,3000];",/Volumes/Assets/Edward/Data/Traces/2016/03.March/Data 2 Mar 2016/Neocortex H.02Mar16.S1.E14.dat,1,False,,,,1000.0,3000.0,500.0,pulseB,17000.0,StimulusA,A,108,3507.200007557869,19910.100251980126,16910.100251980126
1,Neocortex H.02Oct18,S1.E7,50000,2uM CCh + 2/3uM ML297,517.76953125,643.62109375,"DAC0: PulseA -50 [200,1000];PulseB 300 [2000,4000];",/Volumes/Assets/Edward/Data/Traces/2018/10.October/Data 2 Oct 2018/Neocortex H.02Oct18.S1.E7.dat,1,True,200.0,1000.0,-50.0,2000.0,4000.0,300.0,pulseB,46000.0,StimulusA,A,143,4564.700008414686,49825.00068284571,45825.00068284571
1,Neocortex H.03Sep15,S1.E18,50000,ML297+CCh,2219.76171875,2283.421875,"DAC0: PulseB 150 [1000,3000];",/Volumes/Assets/Edward/Data/Traces/2015/09.September/Data 3 Sep 2015/Neocortex H.03Sep15.S1.E18.dat,1,False,,,,1000.0,3000.0,150.0,pulseB,47000.0,StimulusA,A,273,3274.5000040903687,49847.20069807768,46847.20069807768
1,Neocortex H.07Sep16,S1.E8,20000,5uM CCh,514.41796875,580.41015625,"DAC0: PulseA -50 [100,700];PulseB 300 [2000,4000];",/Volumes/Assets/Edward/Data/Traces/2016/09.September/Data 7 Sep 2016/Neocortex H.07Sep16.S1.E8.dat,1,True,100.0,700.0,-50.0,2000.0,4000.0,300.0,pulseB,16000.0,StimulusA,A,59,4361.200005382299,19992.90023831278,15992.90023831278
1,Neocortex H.07Sep16,S1.E9,20000,5uM CCh,654.1796875,720.171875,"DAC0: PulseA -50 [100,700];PulseB 300 [2000,4000];",/Volumes/Assets/Edward/Data/Traces/2016/09.September/Data 7 Sep 2016/Neocortex H.07Sep16.S1.E9.dat,1,True,100.0,700.0,-50.0,2000.0,4000.0,300.0,pulseB,16000.0,StimulusA,A,43,4368.800005495548,19895.100236855447,15895.100236855447
1,Neocortex H.07Sep16,S1.E10,20000,5uM CCh,688.71875,754.7109375,"DAC0: PulseA -50 [100,700];PulseB 300 [2000,4000];",/Volumes/Assets/Edward/Data/Traces/2016/09.September/Data 7 Sep 2016/Neocortex H.07Sep16.S1.E10.dat,1,True,100.0,700.0,-50.0,2000.0,4000.0,300.0,pulseB,16000.0,StimulusA,A,42,4412.300006143749,19963.700237877667,15963.700237877667
1,Neocortex H.07Sep16,S1.E11,20000,5uM CCh,897.4296875,963.421875,"DAC0: PulseA -50 [100,700];PulseB 300 [2000,4000];",/Volumes/Assets/Edward/Data/Traces/2016/09.September/Data 7 Sep 2016/Neocortex H.07Sep16.S1.E11.dat,1,True,100.0,700.0,-50.0,2000.0,4000.0,300.0,pulseB,16000.0,StimulusA,A,53,4377.6000056266785,19883.700236685574,15883.700236685574
1,Neocortex H.07Sep16,S1.E13,20000,5uM CCh,959.80859375,1025.80078125,"DAC0: PulseA -50 [100,700];PulseB 300 [2000,4000];",/Volumes/Assets/Edward/Data/Traces/2016/09.September/Data 7 Sep 2016/Neocortex H.07Sep16.S1.E13.dat,1,True,100.0,700.0,-50.0,2000.0,4000.0,300.0,pulseB,16000.0,StimulusA,A,44,4434.300006471574,19733.00023443997,15733.000234439969
1,Neocortex H.07Sep16,S1.E19,20000,5uM CCh,1302.98046875,1368.97265625,"DAC0: PulseA -50 [100,700];PulseB 300 [2000,4000];",/Volumes/Assets/Edward/Data/Traces/2016/09.September/Data 7 Sep 2016/Neocortex H.07Sep16.S1.E19.dat,1,True,100.0,700.0,-50.0,2000.0,4000.0,300.0,pulseB,16000.0,StimulusA,A,50,4380.100005663931,19939.60023751855,15939.600237518549
1,Neocortex H.08Jun15,S1.E27,50000,7.5uM CCh,1126.875,1228.49609375,"DAC0: PulseB 300 [1000,3000];",/Volumes/Assets/Edward/Data/Traces/2015/06.June/Data 8 Jun 2015/Neocortex H.08Jun15.S1.E27.dat,1,False,,,,1000.0,3000.0,300.0,pulseB,47000.0,StimulusA,A,130,3451.9000067338347,49972.700699947774,46972.700699947774
1,Neocortex H.09Feb16,S1.E21,50000,,1024.703125,1133.88671875,"DAC0: PulseB 300 [1000,3000];",/Volumes/Assets/Edward/Data/Traces/2016/02.February/Data 9 Feb 2016/Neocortex H.09Feb16.S1.E21.dat,1,False,,,,1000.0,3000.0,300.0,pulseB,47000.0,StimulusA,A,170,3448.2000066787004,49923.20069921017,46923.20069921017
1,Neocortex H.09Feb16,S1.E29,50000,,1882.71484375,1991.8984375,"DAC0: PulseB 300 [1000,3000];",/Volumes/Assets/Edward/Data/Traces/2016/02.February/Data 9 Feb 2016/Neocortex H.09Feb16.S1.E29.dat,1,False,,,,1000.0,3000.0,300.0,pulseB,47000.0,StimulusA,A,161,3586.8000087440014,49765.600696861744,46765.600696861744
1,Neocortex H.11Dec18,S1.E8,25000,2uM CCh + 2/3uM ML297,844.359375,921.69140625,"DAC0: PulseA -50 [200,1000];PulseB 200 [2000,4000];",/Volumes/Assets/Edward/Data/Traces/2018/12.December/Data 11 Dec 2018/Neocortex H.11Dec18.S1.E8.dat,1,True,200.0,1000.0,-50.0,2000.0,4000.0,200.0,pulseB,21000.0,StimulusA,A,97,4447.4000066667795,24937.900311999023,20937.900311999023
1,Neocortex H.11Dec18,S1.E28,25000,2uM CCh + 2/3uM ML297,2624.47265625,2701.8046875,"DAC0: PulseA -50 [200,1000];PulseB 200 [2000,4000];",/Volumes/Assets/Edward/Data/Traces/2018/12.December/Data 11 Dec 2018/Neocortex H.11Dec18.S1.E28.dat,1,True,200.0,1000.0,-50.0,2000.0,4000.0,200.0,pulseB,21000.0,StimulusA,A,64,4551.50000821799,24919.50031172484,20919.50031172484
1,Neocortex H.11Dec18,S2.E10,25000,2uM CCh + 2/3uM ML297,4087.484375,4164.81640625,"DAC0: PulseA -50 [200,1000];PulseB 200 [2000,4000];",/Volumes/Assets/Edward/Data/Traces/2018/12.December/Data 11 Dec 2018/Neocortex H.11Dec18.S2.E10.dat,1,True,200.0,1000.0,-50.0,2000.0,4000.0,200.0,pulseB,21000.0,StimulusA,A,71,4447.200006663799,24875.20031106472,20875.20031106472
1,Neocortex H.12Feb16,S1.E23,50000,,630.9921875,769.2890625,"DAC0: PulseB 200 [1000,3000];",/Volumes/Assets/Edward/Data/Traces/2016/02.February/Data 12 Feb 2016/Neocortex H.12Feb16.S1.E23.dat,1,False,,,,1000.0,3000.0,200.0,pulseB,47000.0,StimulusA,A,311,3373.1000055596232,49983.70070011169,46983.70070011169
1,Neocortex H.12Feb16,S1.E24,50000,,779.21484375,917.51171875,"DAC0: PulseB 200 [1000,3000];",/Volumes/Assets/Edward/Data/Traces/2016/02.February/Data 12 Feb 2016/Neocortex H.12Feb16.S1.E24.dat,1,False,,,,1000.0,3000.0,200.0,pulseB,47000.0,StimulusA,A,276,3388.1000057831407,49907.80069898069,46907.80069898069
1,Neocortex H.12Feb16,S1.E25,50000,,958.7890625,1097.0859375,"DAC0: PulseB 200 [1000,3000];",/Volumes/Assets/Edward/Data/Traces/2016/02.February/Data 12 Feb 2016/Neocortex H.12Feb16.S1.E25.dat,1,False,,,,1000.0,3000.0,200.0,pulseB,47000.0,StimulusA,A,327,3296.9000044241548,49896.400698810816,46896.400698810816
1,Neocortex H.12Feb16,S1.E31,50000,,1508.921875,1647.21875,"DAC0: PulseB 200 [1000,3000];",/Volumes/Assets/Edward/Data/Traces/2016/02.February/Data 12 Feb 2016/Neocortex H.12Feb16.S1.E31.dat,1,False,,,,1000.0,3000.0,200.0,pulseB,47000.0,StimulusA,A,271,4865.200027793646,49903.00069890916,46903.00069890916
1,Neocortex H.14Mar18,S1.E3,50000,2uM CCh + 2/3ML297,447.01171875,480.9921875,"DAC0: PulseA -50 [200,1000];PulseB 200 [2000,4000];",/Volumes/Assets/Edward/Data/Traces/2018/03.March/Data 14 Mar 2018/Neocortex H.14Mar18.S1.E3.dat,1,True,200.0,1000.0,-50.0,2000.0,4000.0,200.0,pulseB,46000.0,StimulusA,A,204,4747.800011143088,49895.800683900714,45895.800683900714
1,Neocortex H.14Mar18,S1.E7,50000,2uM CCh + 2/3ML297,962.65234375,996.6328125,"DAC0: PulseA -50 [200,1000];PulseB 200 [2000,4000];",/Volumes/Assets/Edward/Data/Traces/2018/03.March/Data 14 Mar 2018/Neocortex H.14Mar18.S1.E7.dat,1,True,200.0,1000.0,-50.0,2000.0,4000.0,200.0,pulseB,46000.0,StimulusA,A,189,4756.000011265278,49769.00068201125,45769.00068201125
1,Neocortex H.14Mar18,S1.E10,50000,2uM CCh + 2/3ML297,1384.15234375,1418.1328125,"DAC0: PulseA -50 [200,1000];PulseB 200 [2000,4000];",/Volumes/Assets/Edward/Data/Traces/2018/03.March/Data 14 Mar 2018/Neocortex H.14Mar18.S1.E10.dat,1,True,200.0,1000.0,-50.0,2000.0,4000.0,200.0,pulseB,46000.0,StimulusA,A,213,4439.40000654757,49905.800684049726,45905.800684049726
1,Neocortex H.15Feb16,S1.E14,50000,,287.921875,289.4921875,"DAC0: PulseB 200 [1000,3000];",/Volumes/Assets/Edward/Data/Traces/2016/02.February/Data 15 Feb 2016/Neocortex H.15Feb16.S1.E14.dat,1,False,,,,1000.0,3000.0,200.0,pulseB,47000.0,StimulusA,A,159,3280.1000041738153,49763.40069682896,46763.40069682896
1,Neocortex H.15Feb16,S1.E15,50000,,407.09375,408.6640625,"DAC0: PulseB 200 [1000,3000];",/Volumes/Assets/Edward/Data/Traces/2016/02.February/Data 15 Feb 2016/Neocortex H.15Feb16.S1.E15.dat,1,False,,,,1000.0,3000.0,200.0,pulseB,47000.0,StimulusA,A,156,3212.5000031664968,49771.30069694668,46771.30069694668
1,Neocortex H.15Feb16,S1.E16,50000,,530.015625,531.5859375,"DAC0: PulseB 200 [1000,3000];",/Volumes/Assets/Edward/Data/Traces/2016/02.February/Data 15 Feb 2016/Neocortex H.15Feb16.S1.E16.dat,1,False,,,,1000.0,3000.0,200.0,pulseB,47000.0,StimulusA,A,161,3319.1000047549605,49949.30069959909,46949.30069959909
1,Neocortex H.15Jun15,S1.E35,20000,CCh,793.4609375,890.60546875,"DAC0: PulseB 400 [1000,3000];",/Volumes/Assets/Edward/Data/Traces/2015/06.June/Data 15 Jun 2015/Neocortex H.15Jun15.S1.E35.dat,1,False,,,,1000.0,3000.0,400.0,pulseB,17000.0,StimulusA,A,80,3820.900012232363,19813.200250536203,16813.200250536203
1,Neocortex H.15Jun15,S1.E39,20000,CCh,969.578125,1066.72265625,"DAC0: PulseB 400 [1000,3000];",/Volumes/Assets/Edward/Data/Traces/2015/06.June/Data 15 Jun 2015/Neocortex H.15Jun15.S1.E39.dat,1,False,,,,1000.0,3000.0,400.0,pulseB,17000.0,StimulusA,A,38,7547.10006775707,19971.100252889097,16971.100252889097
1,Neocortex H.17Feb16,S1.E21,50000,,579.01953125,650.62890625,"DAC0: PulseB 200 [1000,3000];",/Volumes/Assets/Edward/Data/Traces/2016/02.February/Data 17 Feb 2016/Neocortex H.17Feb16.S1.E21.dat,1,False,,,,1000.0,3000.0,200.0,pulseB,47000.0,StimulusA,A,390,3298.2000044435263,49889.40069870651,46889.40069870651
1,Neocortex H.17Feb16,S1.E22,50000,,777.80078125,849.41015625,"DAC0: PulseB 200 [1000,3000];",/Volumes/Assets/Edward/Data/Traces/2016/02.February/Data 17 Feb 2016/Neocortex H.17Feb16.S1.E22.dat,1,False,,,,1000.0,3000.0,200.0,pulseB,47000.0,StimulusA,A,358,3296.100004412234,49913.800699070096,46913.800699070096
1,Neocortex H.17Feb16,S1.E23,50000,,907.00390625,978.61328125,"DAC0: PulseB 200 [1000,3000];",/Volumes/Assets/Edward/Data/Traces/2016/02.February/Data 17 Feb 2016/Neocortex H.17Feb16.S1.E23.dat,1,False,,,,1000.0,3000.0,200.0,pulseB,47000.0,StimulusA,A,385,3251.8000037521124,49939.900699459016,46939.900699459016
1,Neocortex H.17Feb16,S1.E30,50000,,1662.74609375,1734.35546875,"DAC0: PulseB 200 [1000,3000];",/Volumes/Assets/Edward/Data/Traces/2016/02.February/Data 17 Feb 2016/Neocortex H.17Feb16.S1.E30.dat,1,False,,,,1000.0,3000.0,200.0,pulseB,47000.0,StimulusA,A,306,3466.700006954372,49970.20069991052,46970.20069991052
1,Neocortex H.17Feb16,S1.E31,50000,,1933.71484375,2005.32421875,"DAC0: PulseB 200 [1000,3000];",/Volumes/Assets/Edward/Data/Traces/2016/02.February/Data 17 Feb 2016/Neocortex H.17Feb16.S1.E31.dat,1,False,,,,1000.0,3000.0,200.0,pulseB,47000.0,StimulusA,A,294,3513.0000076442957,49945.70069954544,46945.70069954544
1,Neocortex H.22Sep16,S1.E8,40000,2uM CCh,441.78125,471.07421875,"DAC0: PulseB 200 [1000,3000];",/Volumes/Assets/Edward/Data/Traces/2016/09.September/Data 22 Sep 2016/Neocortex H.22Sep16.S1.E8.dat,1,False,,,,1000.0,3000.0,200.0,pulseB,37000.0,StimulusA,A,163,3536.600007995963,39887.10054966062,36887.10054966062
1,Neocortex H.22Sep16,S1.E10,40000,2uM CCh,609.44140625,638.734375,"DAC0: PulseB 200 [1000,3000];",/Volumes/Assets/Edward/Data/Traces/2016/09.September/Data 22 Sep 2016/Neocortex H.22Sep16.S1.E10.dat,1,False,,,,1000.0,3000.0,200.0,pulseB,37000.0,StimulusA,A,155,3561.500008367002,39828.900548793375,36828.900548793375
1,Neocortex H.22Sep16,S1.E12,40000,2uM CCh,795.76953125,825.0625,"DAC0: PulseB 200 [1000,3000];",/Volumes/Assets/Edward/Data/Traces/2016/09.September/Data 22 Sep 2016/Neocortex H.22Sep16.S1.E12.dat,1,False,,,,1000.0,3000.0,200.0,pulseB,37000.0,StimulusA,A,203,3500.400007456541,39883.00054959953,36883.00054959953
1,Neocortex H.24Mar16,S1.E12,40000,2uM CCh,517.375,583.3984375,"DAC0: PulseB 300 [1000,3000];",/Volumes/Assets/Edward/Data/Traces/2016/03.March/Data 24 Mar 2016/Neocortex H.24Mar16.S1.E12.dat,1,False,,,,1000.0,3000.0,300.0,pulseB,37000.0,StimulusA,A,130,3282.8000042140484,39801.900548391044,36801.900548391044
1,Neocortex H.24Mar16,S1.E15,40000,2uM CCh,706.1796875,772.203125,"DAC0: PulseB 300 [1000,3000];",/Volumes/Assets/Edward/Data/Traces/2016/03.March/Data 24 Mar 2016/Neocortex H.24Mar16.S1.E15.dat,1,False,,,,1000.0,3000.0,300.0,pulseB,37000.0,StimulusA,A,151,3277.8000041395426,39805.4005484432,36805.4005484432
1,Neocortex H.24Mar16,S1.E17,40000,2uM CCh,836.16796875,902.19140625,"DAC0: PulseB 300 [1000,3000];",/Volumes/Assets/Edward/Data/Traces/2016/03.March/Data 24 Mar 2016/Neocortex H.24Mar16.S1.E17.dat,1,False,,,,1000.0,3000.0,300.0,pulseB,37000.0,StimulusA,A,109,3386.4000057578087,39910.40055000782,36910.40055000782
1,Neocortex H.24Mar16,S1.E20,40000,2uM CCh,1015.90234375,1081.92578125,"DAC0: PulseB 300 [1000,3000];",/Volumes/Assets/Edward/Data/Traces/2016/03.March/Data 24 Mar 2016/Neocortex H.24Mar16.S1.E20.dat,1,False,,,,1000.0,3000.0,300.0,pulseB,37000.0,StimulusA,A,155,3282.7000042125583,39824.30054872483,36824.30054872483
1,Neocortex H.25Feb16,S1.E18,50000,,1055.66796875,1176.94921875,"DAC0: PulseB 200 [1000,3000];",/Volumes/Assets/Edward/Data/Traces/2016/02.February/Data 25 Feb 2016/Neocortex H.25Feb16.S1.E18.dat,1,False,,,,1000.0,3000.0,200.0,pulseB,47000.0,StimulusA,A,211,4331.100019834936,49958.20069973171,46958.20069973171
1,Neocortex H.25Feb16,S1.E19,50000,,1248.765625,1370.046875,"DAC0: PulseB 200 [1000,3000];",/Volumes/Assets/Edward/Data/Traces/2016/02.February/Data 25 Feb 2016/Neocortex H.25Feb16.S1.E19.dat,1,False,,,,1000.0,3000.0,200.0,pulseB,47000.0,StimulusA,A,246,3631.0000094026327,49886.100698657334,46886.100698657334
1,Neocortex H.25Feb16,S1.E25,50000,,1926.4921875,2047.7734375,"DAC0: PulseB 200 [1000,3000];",/Volumes/Assets/Edward/Data/Traces/2016/02.February/Data 25 Feb 2016/Neocortex H.25Feb16.S1.E25.dat,1,False,,,,1000.0,3000.0,200.0,pulseB,47000.0,StimulusA,A,285,3458.900006838143,49919.30069915205,46919.30069915205
1,Neocortex H.30Nov18,S1.E4,25000,2uM CCh + 2/3uM ML297,280.45703125,372.6171875,"DAC0: PulseA -50 [200,1000];PulseB 200 [2000,4000];",/Volumes/Assets/Edward/Data/Traces/2018/11.November/Data 30 Nov 2018/Neocortex H.30Nov18.S1.E4.dat,1,True,200.0,1000.0,-50.0,2000.0,4000.0,200.0,pulseB,21000.0,StimulusA,A,51,4398.200005933642,24817.800310209394,20817.800310209394
1,Neocortex H.30Nov18,S1.E6,25000,2uM CCh + 2/3uM ML297,457.30078125,549.4609375,"DAC0: PulseA -50 [200,1000];PulseB 200 [2000,4000];",/Volumes/Assets/Edward/Data/Traces/2018/11.November/Data 30 Nov 2018/Neocortex H.30Nov18.S1.E6.dat,1,True,200.0,1000.0,-50.0,2000.0,4000.0,200.0,pulseB,21000.0,StimulusA,A,62,4386.600005760789,24485.900305263698,20485.900305263698
1,Neocortex H.30Nov18,S1.E8,25000,2uM CCh + 2/3uM ML297,770.41796875,862.578125,"DAC0: PulseA -50 [200,1000];PulseB 200 [2000,4000];",/Volumes/Assets/Edward/Data/Traces/2018/11.November/Data 30 Nov 2018/Neocortex H.30Nov18.S1.E8.dat,1,True,200.0,1000.0,-50.0,2000.0,4000.0,200.0,pulseB,21000.0,StimulusA,A,74,4320.700004778802,24821.200310260057,20821.200310260057
1,Neocortex H.30Nov18,S1.E12,25000,2uM CCh + 2/3uM ML297,1230.171875,1322.33203125,"DAC0: PulseA -50 [200,1000];PulseB 200 [2000,4000];",/Volumes/Assets/Edward/Data/Traces/2018/11.November/Data 30 Nov 2018/Neocortex H.30Nov18.S1.E12.dat,1,True,200.0,1000.0,-50.0,2000.0,4000.0,200.0,pulseB,21000.0,StimulusA,A,83,4330.900004930794,24906.900311537087,20906.900311537087
1,Neocortex H.30Nov18,S1.E21,25000,2uM CCh + 2/3uM ML297,2204.6796875,2296.83984375,"DAC0: PulseA -50 [200,1000];PulseB 200 [2000,4000];",/Volumes/Assets/Edward/Data/Traces/2018/11.November/Data 30 Nov 2018/Neocortex H.30Nov18.S1.E21.dat,1,True,200.0,1000.0,-50.0,2000.0,4000.0,200.0,pulseB,21000.0,StimulusA,A,97,4356.000005304813,24996.00031286478,20996.00031286478
1,Neocortex H.30Nov18,S1.E35,25000,2uM CCh + 2/3uM ML297,3784.44140625,3876.6015625,"DAC0: PulseA -50 [200,1000];PulseB 200 [2000,4000];",/Volumes/Assets/Edward/Data/Traces/2018/11.November/Data 30 Nov 2018/Neocortex H.30Nov18.S1.E35.dat,1,True,200.0,1000.0,-50.0,2000.0,4000.0,200.0,pulseB,21000.0,StimulusA,A,93,4333.300004966557,24761.000309363008,20761.000309363008
1,Neocortex H.30Nov18,S1.E42,25000,2uM CCh + 2/3uM ML297,4454.5859375,4546.74609375,"DAC0: PulseA -50 [200,1000];PulseB 200 [2000,4000];",/Volumes/Assets/Edward/Data/Traces/2018/11.November/Data 30 Nov 2018/Neocortex H.30Nov18.S1.E42.dat,1,True,200.0,1000.0,-50.0,2000.0,4000.0,200.0,pulseB,21000.0,StimulusA,A,98,4334.000004976988,24937.700311996043,20937.700311996043
1,Neocortex H.30Nov18,S2.E1,25000,2uM CCh + 2/3uM ML297,4850.17578125,4942.3359375,"DAC0: PulseA -50 [200,1000];PulseB 200 [2000,4000];",/Volumes/Assets/Edward/Data/Traces/2018/11.November/Data 30 Nov 2018/Neocortex H.30Nov18.S2.E1.dat,1,True,200.0,1000.0,-50.0,2000.0,4000.0,200.0,pulseB,21000.0,StimulusA,A,85,4410.300006113946,24978.6003126055,20978.6003126055
1,Neocortex H.30Nov18,S3.E1,25000,2uM CCh + 2/3uM ML297,6275.98828125,6368.1484375,"DAC0: PulseA -50 [200,1000];PulseB 200 [2000,4000];",/Volumes/Assets/Edward/Data/Traces/2018/11.November/Data 30 Nov 2018/Neocortex H.30Nov18.S3.E1.dat,1,True,200.0,1000.0,-50.0,2000.0,4000.0,200.0,pulseB,21000.0,StimulusA,A,77,4374.900005586445,24898.900311417878,20898.900311417878
1,Neocortex H.30Nov18,S4.E4,25000,2uM CCh + 2/3uM ML297,7555.09765625,7647.2578125,"DAC0: PulseA -50 [200,1000];PulseB 200 [2000,4000];",/Volumes/Assets/Edward/Data/Traces/2018/11.November/Data 30 Nov 2018/Neocortex H.30Nov18.S4.E4.dat,1,True,200.0,1000.0,-50.0,2000.0,4000.0,200.0,pulseB,21000.0,StimulusA,A,58,4523.600007802248,24802.000309973955,20802.000309973955
1,Neocortex I.03Dec18,S1.E7,25000,2uM CCh + 2/3uM ML297,659.46875,695.37890625,"DAC0: PulseA -50 [200,1000];PulseB 200 [2000,4000];",/Volumes/Assets/Edward/Data/Traces/2018/12.December/Data 3 Dec 2018/Neocortex I.03Dec18.S1.E7.dat,1,True,200.0,1000.0,-50.0,2000.0,4000.0,200.0,pulseB,21000.0,StimulusA,A,79,4410.500006116927,24943.10031207651,20943.10031207651
1,Neocortex I.03Dec18,S1.E15,25000,2uM CCh + 2/3uM ML297,1449.94140625,1485.8515625,"DAC0: PulseA -50 [200,1000];PulseB 200 [2000,4000];",/Volumes/Assets/Edward/Data/Traces/2018/12.December/Data 3 Dec 2018/Neocortex I.03Dec18.S1.E15.dat,1,True,200.0,1000.0,-50.0,2000.0,4000.0,200.0,pulseB,21000.0,StimulusA,A,107,4274.700004093349,24989.600312769413,20989.600312769413
1,Neocortex I.03Dec18,S1.E23,25000,2uM CCh + 2/3uM ML297,1959.609375,1995.51953125,"DAC0: PulseA -50 [200,1000];PulseB 200 [2000,4000];",/Volumes/Assets/Edward/Data/Traces/2018/12.December/Data 3 Dec 2018/Neocortex I.03Dec18.S1.E23.dat,1,True,200.0,1000.0,-50.0,2000.0,4000.0,200.0,pulseB,21000.0,StimulusA,A,110,4240.8000035882,24614.900307185948,20614.900307185948
1,Neocortex I.03Dec18,S2.E1,25000,2uM CCh + 2/3uM ML297,2170.23046875,2206.140625,"DAC0: PulseA -50 [200,1000];PulseB 200 [2000,4000];",/Volumes/Assets/Edward/Data/Traces/2018/12.December/Data 3 Dec 2018/Neocortex I.03Dec18.S2.E1.dat,1,True,200.0,1000.0,-50.0,2000.0,4000.0,200.0,pulseB,21000.0,StimulusA,A,75,4322.200004801154,24930.200311884284,20930.200311884284
1,Neocortex I.03Dec18,S2.E18,25000,2uM CCh + 2/3uM ML297,3357.22265625,3393.1328125,"DAC0: PulseA -50 [200,1000];PulseB 200 [2000,4000];",/Volumes/Assets/Edward/Data/Traces/2018/12.December/Data 3 Dec 2018/Neocortex I.03Dec18.S2.E18.dat,1,True,200.0,1000.0,-50.0,2000.0,4000.0,200.0,pulseB,21000.0,StimulusA,A,83,4002.1000000312924,24953.00031222403,20953.00031222403
1,Neocortex I.03Dec18,S2.E19,25000,2uM CCh + 2/3uM ML297,3487.51171875,3523.421875,"DAC0: PulseA -50 [200,1000];PulseB 200 [2000,4000];",/Volumes/Assets/Edward/Data/Traces/2018/12.December/Data 3 Dec 2018/Neocortex I.03Dec18.S2.E19.dat,1,True,200.0,1000.0,-50.0,2000.0,4000.0,200.0,pulseB,21000.0,StimulusA,A,64,4323.300004817545,24771.10030951351,20771.10030951351
1,Neocortex I.04Jun15,S1.E39,50000,7.5uM CCh,1407.34765625,1571.93359375,"DAC0: PulseB 500 [1000,3000];",/Volumes/Assets/Edward/Data/Traces/2015/06.June/Data 4 Jun 2015/Neocortex I.04Jun15.S1.E39.dat,1,False,,,,1000.0,3000.0,500.0,pulseB,47000.0,StimulusA,A,213,3645.5000096186996,49991.400700226426,46991.400700226426
1,Neocortex I.04Jun15,S1.E42,50000,7.5uM CCh,1838.81640625,2003.40234375,"DAC0: PulseB 500 [1000,3000];",/Volumes/Assets/Edward/Data/Traces/2015/06.June/Data 4 Jun 2015/Neocortex I.04Jun15.S1.E42.dat,1,False,,,,1000.0,3000.0,500.0,pulseB,47000.0,StimulusA,A,194,3531.0000079125166,49962.70069979876,46962.70069979876
1,Neocortex I.04Jun15,S1.E48,50000,7.5uM CCh,2420.015625,2584.6015625,"DAC0: PulseB 500 [1000,3000];",/Volumes/Assets/Edward/Data/Traces/2015/06.June/Data 4 Jun 2015/Neocortex I.04Jun15.S1.E48.dat,1,False,,,,1000.0,3000.0,500.0,pulseB,47000.0,StimulusA,A,168,3571.6000085175037,49839.9006979689,46839.9006979689
1,Neocortex I.04Jun15,S1.E50,50000,7.5uM CCh,2674.33203125,2838.91796875,"DAC0: PulseB 500 [1000,3000];",/Volumes/Assets/Edward/Data/Traces/2015/06.June/Data 4 Jun 2015/Neocortex I.04Jun15.S1.E50.dat,1,False,,,,1000.0,3000.0,500.0,pulseB,47000.0,StimulusA,A,158,3578.000008612871,49847.40069808066,46847.40069808066
1,Neocortex I.04Jun15,S1.E67,50000,7.5uM CCh,3827.421875,3992.0078125,"DAC0: PulseB 500 [1000,3000];",/Volumes/Assets/Edward/Data/Traces/2015/06.June/Data 4 Jun 2015/Neocortex I.04Jun15.S1.E67.dat,1,False,,,,1000.0,3000.0,500.0,pulseB,47000.0,StimulusA,A,127,3567.400008454919,49575.40069402754,46575.40069402754
1,Neocortex I.10Feb16,S1.E21,50000,,412.03515625,545.37890625,"DAC0: PulseB 300 [1000,3000];",/Volumes/Assets/Edward/Data/Traces/2016/02.February/Data 10 Feb 2016/Neocortex I.10Feb16.S1.E21.dat,1,False,,,,1000.0,3000.0,300.0,pulseB,47000.0,StimulusA,A,163,3314.8000046908855,49737.00069643557,46737.00069643557
1,Neocortex I.10Feb16,S1.E22,50000,,579.49609375,712.83984375,"DAC0: PulseB 300 [1000,3000];",/Volumes/Assets/Edward/Data/Traces/2016/02.February/Data 10 Feb 2016/Neocortex I.10Feb16.S1.E22.dat,1,False,,,,1000.0,3000.0,300.0,pulseB,47000.0,StimulusA,A,258,3151.2000022530556,49958.50069973618,46958.50069973618
1,Neocortex I.10Feb16,S1.E24,50000,,898.578125,1031.921875,"DAC0: PulseB 400 [1000,3000];",/Volumes/Assets/Edward/Data/Traces/2016/02.February/Data 10 Feb 2016/Neocortex I.10Feb16.S1.E24.dat,1,False,,,,1000.0,3000.0,400.0,pulseB,47000.0,StimulusA,A,203,3251.500003747642,49855.00069819391,46855.00069819391
1,Neocortex I.14Dec17,S1.E6,30000,2uM CCh + 2/3uM ML297,738.6484375,792.328125,"DAC0: PulseA -50 [200,1000];PulseB 300 [2000,4000];",/Volumes/Assets/Edward/Data/Traces/2017/12.December/Data 14 Dec 2017/Neocortex I.14Dec17.S1.E6.dat,1,True,200.0,1000.0,-50.0,2000.0,4000.0,300.0,pulseB,26000.0,StimulusA,A,161,4001.800000026822,29926.400386333466,25926.400386333466
1,Neocortex I.14Dec17,S1.E9,30000,2uM CCh + 2/3uM ML297,1362.7109375,1416.390625,"DAC0: PulseA -50 [200,1000];PulseB 300 [2000,4000];",/Volumes/Assets/Edward/Data/Traces/2017/12.December/Data 14 Dec 2017/Neocortex I.14Dec17.S1.E9.dat,1,True,200.0,1000.0,-50.0,2000.0,4000.0,300.0,pulseB,26000.0,StimulusA,A,174,4512.900007642806,29995.300387360156,25995.300387360156
1,Neocortex I.14Mar18,S1.E5,50000,2uM CCh + 2/3ML297,555.05078125,603.62109375,"DAC0: PulseA -50 [200,1000];PulseB 200 [2000,4000];",/Volumes/Assets/Edward/Data/Traces/2018/03.March/Data 14 Mar 2018/Neocortex I.14Mar18.S1.E5.dat,1,True,200.0,1000.0,-50.0,2000.0,4000.0,200.0,pulseB,46000.0,StimulusA,A,265,4399.800005957484,49938.10068453103,45938.10068453103
1,Neocortex I.14Mar18,S1.E10,50000,2uM CCh + 2/3ML297,1259.80078125,1308.37109375,"DAC0: PulseA -50 [200,1000];PulseB 200 [2000,4000];",/Volumes/Assets/Edward/Data/Traces/2018/03.March/Data 14 Mar 2018/Neocortex I.14Mar18.S1.E10.dat,1,True,200.0,1000.0,-50.0,2000.0,4000.0,200.0,pulseB,46000.0,StimulusA,A,325,4361.100005380809,49916.30068420619,45916.30068420619
1,Neocortex I.14Mar18,S1.E14,50000,2uM CCh + 2/3ML297,1769.5625,1818.1328125,"DAC0: PulseA -50 [200,1000];PulseB 200 [2000,4000];",/Volumes/Assets/Edward/Data/Traces/2018/03.March/Data 14 Mar 2018/Neocortex I.14Mar18.S1.E14.dat,1,True,200.0,1000.0,-50.0,2000.0,4000.0,200.0,pulseB,46000.0,StimulusA,A,343,4321.700004793704,49888.700683794916,45888.700683794916
1,Neocortex I.16Feb16,S1.E15,50000,,545.9609375,633.91015625,"DAC0: PulseB 200 [1000,3000];",/Volumes/Assets/Edward/Data/Traces/2016/02.February/Data 16 Feb 2016/Neocortex I.16Feb16.S1.E15.dat,1,False,,,,1000.0,3000.0,200.0,pulseB,47000.0,StimulusA,A,130,4293.300019271672,49742.60069651902,46742.60069651902
1,Neocortex I.16Feb16,S1.E17,50000,,779.26171875,867.2109375,"DAC0: PulseB 200 [1000,3000];",/Volumes/Assets/Edward/Data/Traces/2016/02.February/Data 16 Feb 2016/Neocortex I.16Feb16.S1.E17.dat,1,False,,,,1000.0,3000.0,200.0,pulseB,47000.0,StimulusA,A,69,3836.300012461841,40687.20056158304,37687.20056158304
1,Neocortex I.16Mar16,S1.E13,50000,Ml297+CCh,1214.09375,1282.2109375,"DAC0: PulseB 300 [1000,3000];",/Volumes/Assets/Edward/Data/Traces/2016/03.March/Data 16 Mar 2016/Neocortex I.16Mar16.S1.E13.dat,1,False,,,,1000.0,3000.0,300.0,pulseB,47000.0,StimulusA,A,294,3879.8000131100416,49964.200699821115,46964.200699821115
1,Neocortex I.16Mar16,S1.E14,50000,Ml297+CCh,1359.12109375,1427.23828125,"DAC0: PulseB 300 [1000,3000];",/Volumes/Assets/Edward/Data/Traces/2016/03.March/Data 16 Mar 2016/Neocortex I.16Mar16.S1.E14.dat,1,False,,,,1000.0,3000.0,300.0,pulseB,47000.0,StimulusA,A,244,3638.6000095158815,49913.300699062645,46913.300699062645
1,Neocortex I.16Mar16,S1.E15,50000,Ml297+CCh,1578.8984375,1647.015625,"DAC0: PulseB 300 [1000,3000];",/Volumes/Assets/Edward/Data/Traces/2016/03.March/Data 16 Mar 2016/Neocortex I.16Mar16.S1.E15.dat,1,False,,,,1000.0,3000.0,300.0,pulseB,47000.0,StimulusA,A,282,3354.700005285442,49991.200700223446,46991.200700223446
1,Neocortex I.24Feb16,S1.E15,50000,,554.66015625,663.5390625,"DAC0: PulseB 200 [1000,3000];",/Volumes/Assets/Edward/Data/Traces/2016/02.February/Data 24 Feb 2016/Neocortex I.24Feb16.S1.E15.dat,1,False,,,,1000.0,3000.0,200.0,pulseB,47000.0,StimulusA,A,135,3641.700009562075,49801.500697396696,46801.500697396696
1,Neocortex I.24Feb16,S1.E16,50000,,802.36328125,911.2421875,"DAC0: PulseB 200 [1000,3000];",/Volumes/Assets/Edward/Data/Traces/2016/02.February/Data 24 Feb 2016/Neocortex I.24Feb16.S1.E16.dat,1,False,,,,1000.0,3000.0,200.0,pulseB,47000.0,StimulusA,A,209,3354.6000052839518,49945.50069954246,46945.50069954246
1,Neocortex I.24Feb16,S1.E18,50000,,1216.76171875,1325.640625,"DAC0: PulseB 200 [1000,3000];",/Volumes/Assets/Edward/Data/Traces/2016/02.February/Data 24 Feb 2016/Neocortex I.24Feb16.S1.E18.dat,1,False,,,,1000.0,3000.0,200.0,pulseB,47000.0,StimulusA,A,201,3343.2000051140785,49891.00069873035,46891.00069873035
1,Neocortex I.24Feb16,S1.E20,50000,,1543.0078125,1651.88671875,"DAC0: PulseB 200 [1000,3000];",/Volumes/Assets/Edward/Data/Traces/2016/02.February/Data 24 Feb 2016/Neocortex I.24Feb16.S1.E20.dat,1,False,,,,1000.0,3000.0,200.0,pulseB,47000.0,StimulusA,A,141,3691.600010305643,49992.40070024133,46992.40070024133
1,Neocortex I.24Feb16,S1.E27,50000,,2209.1484375,2318.02734375,"DAC0: PulseB 200 [1000,3000];",/Volumes/Assets/Edward/Data/Traces/2016/02.February/Data 24 Feb 2016/Neocortex I.24Feb16.S1.E27.dat,1,False,,,,1000.0,3000.0,200.0,pulseB,47000.0,StimulusA,A,114,3825.700012303889,49784.200697138906,46784.200697138906
1,Neocortex I.25Feb16,S1.E21,50000,,957.94921875,1035.40234375,"DAC0: PulseB 200 [1000,3000];",/Volumes/Assets/Edward/Data/Traces/2016/02.February/Data 25 Feb 2016/Neocortex I.25Feb16.S1.E21.dat,1,False,,,,1000.0,3000.0,200.0,pulseB,47000.0,StimulusA,A,264,3669.8000099807978,49997.60070031881,46997.60070031881
1,Neocortex I.25Feb16,S1.E29,50000,,1817.8359375,1895.2890625,"DAC0: PulseB 200 [1000,3000];",/Volumes/Assets/Edward/Data/Traces/2016/02.February/Data 25 Feb 2016/Neocortex I.25Feb16.S1.E29.dat,1,False,,,,1000.0,3000.0,200.0,pulseB,47000.0,StimulusA,A,396,3308.8000046014786,49957.50069972128,46957.50069972128
1,Neocortex I.25Feb16,S1.E31,50000,,2102.3125,2179.765625,"DAC0: PulseB 200 [1000,3000];",/Volumes/Assets/Edward/Data/Traces/2016/02.February/Data 25 Feb 2016/Neocortex I.25Feb16.S1.E31.dat,1,False,,,,1000.0,3000.0,200.0,pulseB,47000.0,StimulusA,A,440,3249.3000037148595,49922.700699202716,46922.700699202716
1,Neocortex I.25Feb16,S1.E33,50000,,2459.26171875,2536.71484375,"DAC0: PulseB 200 [1000,3000];",/Volumes/Assets/Edward/Data/Traces/2016/02.February/Data 25 Feb 2016/Neocortex I.25Feb16.S1.E33.dat,1,False,,,,1000.0,3000.0,200.0,pulseB,47000.0,StimulusA,A,416,3254.5000037923455,49901.50069888681,46901.50069888681
1,Neocortex I.25Mar16,S1.E11,40000,2uM CCh,378.74609375,444.44140625,"DAC0: PulseB 300 [1000,3000];",/Volumes/Assets/Edward/Data/Traces/2016/03.March/Data 25 Mar 2016/Neocortex I.25Mar16.S1.E11.dat,1,False,,,,1000.0,3000.0,300.0,pulseB,37000.0,StimulusA,A,273,3266.90000397712,39943.50055050105,36943.50055050105
1,Neocortex I.25Mar16,S1.E13,40000,2uM CCh,1107.6875,1173.3828125,"DAC0: PulseB 300 [1000,3000];",/Volumes/Assets/Edward/Data/Traces/2016/03.March/Data 25 Mar 2016/Neocortex I.25Mar16.S1.E13.dat,1,False,,,,1000.0,3000.0,300.0,pulseB,37000.0,StimulusA,A,257,3379.700005657971,39993.100551240146,36993.100551240146
1,Neocortex I.25Mar16,S1.E16,40000,2uM CCh,1459.36328125,1525.05859375,"DAC0: PulseB 300 [1000,3000];",/Volumes/Assets/Edward/Data/Traces/2016/03.March/Data 25 Mar 2016/Neocortex I.25Mar16.S1.E16.dat,1,False,,,,1000.0,3000.0,300.0,pulseB,37000.0,StimulusA,A,275,3367.700005479157,39991.000551208854,36991.000551208854
1,Neocortex I.25Mar16,S1.E18,40000,2uM CCh,1630.0,1695.6953125,"DAC0: PulseB 300 [1000,3000];",/Volumes/Assets/Edward/Data/Traces/2016/03.March/Data 25 Mar 2016/Neocortex I.25Mar16.S1.E18.dat,1,False,,,,1000.0,3000.0,300.0,pulseB,37000.0,StimulusA,A,166,4370.100020416081,39891.00054971874,36891.00054971874
1,Neocortex I.25Mar16,S1.E20,40000,2uM CCh,1844.6484375,1910.34375,"DAC0: PulseB 300 [1000,3000];",/Volumes/Assets/Edward/Data/Traces/2016/03.March/Data 25 Mar 2016/Neocortex I.25Mar16.S1.E20.dat,1,False,,,,1000.0,3000.0,300.0,pulseB,37000.0,StimulusA,A,190,3865.8000129014254,39924.60055021942,36924.60055021942
1,Neocortex J.03Jun15,S1.E34,50000,7.5uM CCh,1047.35546875,1161.46484375,"DAC0: PulseB 300 [1000,3000];",/Volumes/Assets/Edward/Data/Traces/2015/06.June/Data 3 Jun 2015/Neocortex J.03Jun15.S1.E34.dat,1,False,,,,1000.0,3000.0,300.0,pulseB,47000.0,StimulusA,A,232,3348.4000051915646,49852.800698161125,46852.800698161125
1,Neocortex J.03Jun15,S1.E37,50000,7.5uM CCh,1340.9609375,1455.0703125,"DAC0: PulseB 300 [1000,3000];",/Volumes/Assets/Edward/Data/Traces/2015/06.June/Data 3 Jun 2015/Neocortex J.03Jun15.S1.E37.dat,1,False,,,,1000.0,3000.0,300.0,pulseB,47000.0,StimulusA,A,232,3286.000004261732,49744.40069654584,46744.40069654584
1,Neocortex J.03Jun15,S1.E39,50000,7.5uM CCh,1627.3984375,1741.5078125,"DAC0: PulseB 300 [1000,3000];",/Volumes/Assets/Edward/Data/Traces/2015/06.June/Data 3 Jun 2015/Neocortex J.03Jun15.S1.E39.dat,1,False,,,,1000.0,3000.0,300.0,pulseB,47000.0,StimulusA,A,214,3355.4000052958727,49968.4006998837,46968.4006998837
1,Neocortex J.03Jun15,S1.E41,50000,7.5uM CCh,1955.73828125,2069.84765625,"DAC0: PulseB 300 [1000,3000];",/Volumes/Assets/Edward/Data/Traces/2015/06.June/Data 3 Jun 2015/Neocortex J.03Jun15.S1.E41.dat,1,False,,,,1000.0,3000.0,300.0,pulseB,47000.0,StimulusA,A,190,3649.200009673834,49886.000698655844,46886.000698655844
1,Neocortex J.03Sep15,S1.E14,50000,ML297+CCh,2731.59375,2851.15625,"DAC0: PulseB 125 [1000,3000];",/Volumes/Assets/Edward/Data/Traces/2015/09.September/Data 3 Sep 2015/Neocortex J.03Sep15.S1.E14.dat,1,False,,,,1000.0,3000.0,125.0,pulseB,47000.0,StimulusA,A,140,3188.1000028029084,42207.80058424175,39207.80058424175
1,Neocortex J.09Oct15,S1.E12,50000,ML297+CCh,1035.28125,1114.78125,"DAC0: PulseB 100 [1000,3000];",/Volumes/Assets/Edward/Data/Traces/2015/10.October/Data 9 Oct 2015/Neocortex J.09Oct15.S1.E12.dat,1,False,,,,1000.0,3000.0,100.0,pulseB,47000.0,StimulusA,A,156,3804.0000119805336,49962.40069979429,46962.40069979429
1,Neocortex J.09Oct15,S1.E13,50000,ML297+CCh,1107.6796875,1187.1796875,"DAC0: PulseB 200 [1000,3000];",/Volumes/Assets/Edward/Data/Traces/2015/10.October/Data 9 Oct 2015/Neocortex J.09Oct15.S1.E13.dat,1,False,,,,1000.0,3000.0,200.0,pulseB,47000.0,StimulusA,A,174,3750.800011187792,49981.900700084865,46981.900700084865
1,Neocortex J.09Oct15,S1.E14,50000,ML297+CCh,1201.83203125,1281.33203125,"DAC0: PulseB 100 [1000,3000];",/Volumes/Assets/Edward/Data/Traces/2015/10.October/Data 9 Oct 2015/Neocortex J.09Oct15.S1.E14.dat,1,False,,,,1000.0,3000.0,100.0,pulseB,47000.0,StimulusA,A,159,3701.000010445714,49913.200699061155,46913.200699061155
1,Neocortex J.11Feb16,S1.E12,50000,,242.36328125,317.9296875,"DAC0: PulseB 200 [1000,3000];",/Volumes/Assets/Edward/Data/Traces/2016/02.February/Data 11 Feb 2016/Neocortex J.11Feb16.S1.E12.dat,1,False,,,,1000.0,3000.0,200.0,pulseB,47000.0,StimulusA,A,158,4695.100025258958,49806.00069746375,46806.00069746375
1,Neocortex J.11Feb16,S1.E13,50000,,325.17578125,400.7421875,"DAC0: PulseB 200 [1000,3000];",/Volumes/Assets/Edward/Data/Traces/2016/02.February/Data 11 Feb 2016/Neocortex J.11Feb16.S1.E13.dat,1,False,,,,1000.0,3000.0,200.0,pulseB,47000.0,StimulusA,A,153,4965.900029294193,49451.00069217384,46451.00069217384
1,Neocortex J.11Feb16,S1.E14,30000,,405.58203125,481.1484375,"DAC0: PulseB 200 [1000,3000];",/Volumes/Assets/Edward/Data/Traces/2016/02.February/Data 11 Feb 2016/Neocortex J.11Feb16.S1.E14.dat,1,False,,,,1000.0,3000.0,200.0,pulseB,27000.0,StimulusA,A,85,4790.300026677549,29908.000400960445,26908.000400960445
1,Neocortex J.12Feb16,S1.E17,50000,,645.11328125,740.95703125,"DAC0: PulseB 200 [1000,3000];",/Volumes/Assets/Edward/Data/Traces/2016/02.February/Data 12 Feb 2016/Neocortex J.12Feb16.S1.E17.dat,1,False,,,,1000.0,3000.0,200.0,pulseB,47000.0,StimulusA,A,265,3549.9000081941485,49792.600697264075,46792.600697264075
1,Neocortex J.12Feb16,S1.E18,50000,,777.26953125,873.11328125,"DAC0: PulseB 200 [1000,3000];",/Volumes/Assets/Edward/Data/Traces/2016/02.February/Data 12 Feb 2016/Neocortex J.12Feb16.S1.E18.dat,1,False,,,,1000.0,3000.0,200.0,pulseB,47000.0,StimulusA,A,240,3417.600006222725,49860.300698272884,46860.300698272884
1,Neocortex J.12Feb16,S1.E19,50000,,902.17578125,998.01953125,"DAC0: PulseB 200 [1000,3000];",/Volumes/Assets/Edward/Data/Traces/2016/02.February/Data 12 Feb 2016/Neocortex J.12Feb16.S1.E19.dat,1,False,,,,1000.0,3000.0,200.0,pulseB,47000.0,StimulusA,A,211,3602.4000089764595,49730.90069634467,46730.90069634467
1,Neocortex J.15Feb16,S1.E16,50000,,445.0859375,549.34765625,"DAC0: PulseB 200 [1000,3000];",/Volumes/Assets/Edward/Data/Traces/2016/02.February/Data 15 Feb 2016/Neocortex J.15Feb16.S1.E16.dat,1,False,,,,1000.0,3000.0,200.0,pulseB,47000.0,StimulusA,A,187,4002.500014938414,48631.20067995787,45631.20067995787
1,Neocortex J.16Feb16,S1.E13,50000,,612.12890625,682.33203125,"DAC0: PulseB 200 [1000,3000];",/Volumes/Assets/Edward/Data/Traces/2016/02.February/Data 16 Feb 2016/Neocortex J.16Feb16.S1.E13.dat,1,False,,,,1000.0,3000.0,200.0,pulseB,47000.0,StimulusA,A,300,3369.300005502999,49868.700698398054,46868.700698398054
1,Neocortex J.16Feb16,S1.E15,50000,,920.41796875,990.62109375,"DAC0: PulseB 200 [1000,3000];",/Volumes/Assets/Edward/Data/Traces/2016/02.February/Data 16 Feb 2016/Neocortex J.16Feb16.S1.E15.dat,1,False,,,,1000.0,3000.0,200.0,pulseB,47000.0,StimulusA,A,268,3359.000005349517,49863.80069832504,46863.80069832504
1,Neocortex J.16Feb16,S1.E17,50000,,1178.41015625,1248.61328125,"DAC0: PulseB 200 [1000,3000];",/Volumes/Assets/Edward/Data/Traces/2016/02.February/Data 16 Feb 2016/Neocortex J.16Feb16.S1.E17.dat,1,False,,,,1000.0,3000.0,200.0,pulseB,47000.0,StimulusA,A,256,3312.500004656613,49766.700696878135,46766.700696878135
1,Neocortex J.16Feb16,S1.E25,50000,,2230.453125,2300.65625,"DAC0: PulseB 200 [1000,3000];",/Volumes/Assets/Edward/Data/Traces/2016/02.February/Data 16 Feb 2016/Neocortex J.16Feb16.S1.E25.dat,1,False,,,,1000.0,3000.0,200.0,pulseB,47000.0,StimulusA,A,190,3401.200005978346,49859.30069825798,46859.30069825798
1,Neocortex J.16Feb16,S1.E29,50000,,2392.65234375,2462.85546875,"DAC0: PulseB 200 [1000,3000];",/Volumes/Assets/Edward/Data/Traces/2016/02.February/Data 16 Feb 2016/Neocortex J.16Feb16.S1.E29.dat,1,False,,,,1000.0,3000.0,200.0,pulseB,47000.0,StimulusA,A,258,3321.7000047937036,49921.200699180365,46921.200699180365
1,Neocortex J.16Feb16,S1.E32,50000,,2638.671875,2708.875,"DAC0: PulseB 200 [1000,3000];",/Volumes/Assets/Edward/Data/Traces/2016/02.February/Data 16 Feb 2016/Neocortex J.16Feb16.S1.E32.dat,1,False,,,,1000.0,3000.0,200.0,pulseB,47000.0,StimulusA,A,317,3359.100005351007,49835.900697909296,46835.900697909296
1,Neocortex J.18Mar16,S1.E15,30000,ML297+CCh,333.4140625,447.9921875,"DAC0: PulseB 400 [1000,3000];",/Volumes/Assets/Edward/Data/Traces/2016/03.March/Data 18 Mar 2016/Neocortex J.18Mar16.S1.E15.dat,1,False,,,,1000.0,3000.0,400.0,pulseB,27000.0,StimulusA,A,228,3234.7000034973025,29915.800401076674,26915.800401076674
1,Neocortex J.18Mar16,S1.E16,30000,ML297+CCh,404.671875,519.25,"DAC0: PulseB 400 [1000,3000];",/Volumes/Assets/Edward/Data/Traces/2016/03.March/Data 18 Mar 2016/Neocortex J.18Mar16.S1.E16.dat,1,False,,,,1000.0,3000.0,400.0,pulseB,27000.0,StimulusA,A,230,3207.700003094971,29978.400402009487,26978.400402009487
1,Neocortex J.18Mar16,S1.E17,30000,ML297+CCh,480.515625,595.09375,"DAC0: PulseB 400 [1000,3000];",/Volumes/Assets/Edward/Data/Traces/2016/03.March/Data 18 Mar 2016/Neocortex J.18Mar16.S1.E17.dat,1,False,,,,1000.0,3000.0,400.0,pulseB,27000.0,StimulusA,A,234,3224.900003351271,29988.80040216446,26988.80040216446
1,Neocortex J.24Sep15,S1.E15,40000,ML297+CCh,1416.22265625,1512.04296875,"DAC0: PulseB 200 [1000,3000];",/Volumes/Assets/Edward/Data/Traces/2015/09.September/Data 24 Sep 2015/Neocortex J.24Sep15.S1.E15.dat,1,False,,,,1000.0,3000.0,200.0,pulseB,37000.0,StimulusA,A,152,3703.2000104784966,39827.500548772514,36827.500548772514
1,Neocortex J.24Sep15,S1.E16,40000,ML297+CCh,1547.60546875,1643.42578125,"DAC0: PulseB 200 [1000,3000];",/Volumes/Assets/Edward/Data/Traces/2015/09.September/Data 24 Sep 2015/Neocortex J.24Sep15.S1.E16.dat,1,False,,,,1000.0,3000.0,200.0,pulseB,37000.0,StimulusA,A,95,4118.600016668439,39981.4005510658,36981.4005510658
1,Neocortex J.24Sep15,S1.E17,40000,ML297+CCh,1920.8359375,2016.65625,"DAC0: PulseB 200 [1000,3000];",/Volumes/Assets/Edward/Data/Traces/2015/09.September/Data 24 Sep 2015/Neocortex J.24Sep15.S1.E17.dat,1,False,,,,1000.0,3000.0,200.0,pulseB,37000.0,StimulusA,A,115,4412.20002104342,39966.300550840795,36966.300550840795
1,Neocortex K.08Feb16,S1.E15,50000,,478.1796875,559.0703125,"DAC0: PulseB 300 [1000,3000];",/Volumes/Assets/Edward/Data/Traces/2016/02.February/Data 8 Feb 2016/Neocortex K.08Feb16.S1.E15.dat,1,False,,,,1000.0,3000.0,300.0,pulseB,47000.0,StimulusA,A,112,3443.600006610155,49859.80069826543,46859.80069826543
1,Neocortex K.09Feb16,S1.E15,50000,,417.04296875,498.15625,"DAC0: PulseB 300 [1000,3000];",/Volumes/Assets/Edward/Data/Traces/2016/02.February/Data 9 Feb 2016/Neocortex K.09Feb16.S1.E15.dat,1,False,,,,1000.0,3000.0,300.0,pulseB,47000.0,StimulusA,A,278,3237.000003531575,49852.200698152184,46852.200698152184
1,Neocortex K.14Dec18,S1.E10,25000,2uM CCh + 2/3uM ML297,663.7421875,743.46875,"DAC0: PulseA -50 [200,1000];PulseB 300 [2000,4000];",/Volumes/Assets/Edward/Data/Traces/2018/12.December/Data 14 Dec 2018/Neocortex K.14Dec18.S1.E10.dat,1,True,200.0,1000.0,-50.0,2000.0,4000.0,300.0,pulseB,21000.0,StimulusA,A,98,4952.400014191866,24812.700310133398,20812.700310133398
1,Neocortex K.14Dec18,S1.E11,25000,2uM CCh + 2/3uM ML297,760.76171875,840.48828125,"DAC0: PulseA -50 [200,1000];PulseB 300 [2000,4000];",/Volumes/Assets/Edward/Data/Traces/2018/12.December/Data 14 Dec 2018/Neocortex K.14Dec18.S1.E11.dat,1,True,200.0,1000.0,-50.0,2000.0,4000.0,300.0,pulseB,21000.0,StimulusA,A,105,4918.100013680756,24940.300312034786,20940.300312034786
1,Neocortex K.14Dec18,S1.E14,25000,2uM CCh + 2/3uM ML297,1047.07421875,1126.80078125,"DAC0: PulseA -50 [200,1000];PulseB 300 [2000,4000]; TTL1: Puff 20900.0ms",/Volumes/Assets/Edward/Data/Traces/2018/12.December/Data 14 Dec 2018/Neocortex K.14Dec18.S1.E14.dat,1,True,200.0,1000.0,-50.0,2000.0,4000.0,300.0,pulseB,21000.0,StimulusA,A,15,4648.100009657443,23918.80029681325,19918.80029681325
1,Neocortex K.14Dec18,S1.E22,25000,2uM CCh + 2/3uM ML297,1423.125,1502.8515625,"DAC0: PulseA -50 [200,1000];PulseB 300 [2000,4000]; TTL1: Puff 20900.0ms",/Volumes/Assets/Edward/Data/Traces/2018/12.December/Data 14 Dec 2018/Neocortex K.14Dec18.S1.E22.dat,1,True,200.0,1000.0,-50.0,2000.0,4000.0,300.0,pulseB,21000.0,StimulusA,A,47,4925.400013789535,24691.900308333337,20691.900308333337
1,Neocortex K.14Dec18,S1.E23,25000,2uM CCh + 2/3uM ML297,1491.3828125,1571.109375,"DAC0: PulseA -50 [200,1000];PulseB 300 [2000,4000]; TTL1: Puff 20900.0ms",/Volumes/Assets/Edward/Data/Traces/2018/12.December/Data 14 Dec 2018/Neocortex K.14Dec18.S1.E23.dat,1,True,200.0,1000.0,-50.0,2000.0,4000.0,300.0,pulseB,21000.0,StimulusA,A,40,4963.900014363229,23186.10028589517,19186.10028589517
1,Neocortex K.14Dec18,S1.E24,25000,2uM CCh + 2/3uM ML297,1542.453125,1622.1796875,"DAC0: PulseA -50 [200,1000];PulseB 300 [2000,4000]; TTL1: Puff 20900.0ms",/Volumes/Assets/Edward/Data/Traces/2018/12.December/Data 14 Dec 2018/Neocortex K.14Dec18.S1.E24.dat,1,True,200.0,1000.0,-50.0,2000.0,4000.0,300.0,pulseB,21000.0,StimulusA,A,56,4849.200012654066,24838.200310513377,20838.200310513377
1,Neocortex K.14Dec18,S1.E25,25000,2uM CCh + 2/3uM ML297,1671.04296875,1750.76953125,"DAC0: PulseA -50 [200,1000];PulseB 300 [2000,4000];",/Volumes/Assets/Edward/Data/Traces/2018/12.December/Data 14 Dec 2018/Neocortex K.14Dec18.S1.E25.dat,1,True,200.0,1000.0,-50.0,2000.0,4000.0,300.0,pulseB,21000.0,StimulusA,A,92,4500.400007456541,24908.50031156093,20908.50031156093
1,Neocortex K.14Dec18,S1.E27,25000,2uM CCh + 2/3uM ML297,1780.75390625,1860.48046875,"DAC0: PulseA -50 [200,1000];PulseB 300 [2000,4000];",/Volumes/Assets/Edward/Data/Traces/2018/12.December/Data 14 Dec 2018/Neocortex K.14Dec18.S1.E27.dat,1,True,200.0,1000.0,-50.0,2000.0,4000.0,300.0,pulseB,21000.0,StimulusA,A,103,4416.600006207824,24903.800311490893,20903.800311490893
1,Neocortex K.15Feb16,S1.E14,50000,,560.6328125,625.296875,"DAC0: PulseB 200 [1000,3000];",/Volumes/Assets/Edward/Data/Traces/2016/02.February/Data 15 Feb 2016/Neocortex K.15Feb16.S1.E14.dat,1,False,,,,1000.0,3000.0,200.0,pulseB,47000.0,StimulusA,A,197,3279.4000041633844,49797.20069733262,46797.20069733262
1,Neocortex K.15Feb16,S1.E15,50000,,738.625,803.2890625,"DAC0: PulseB 200 [1000,3000];",/Volumes/Assets/Edward/Data/Traces/2016/02.February/Data 15 Feb 2016/Neocortex K.15Feb16.S1.E15.dat,1,False,,,,1000.0,3000.0,200.0,pulseB,47000.0,StimulusA,A,153,3300.9000044837594,49713.60069608688,46713.60069608688
1,Neocortex K.16Mar16,S1.E9,50000,Ml297+CCh,535.703125,600.265625,"DAC0: PulseB 300 [1000,3000];",/Volumes/Assets/Edward/Data/Traces/2016/03.March/Data 16 Mar 2016/Neocortex K.16Mar16.S1.E9.dat,1,False,,,,1000.0,3000.0,300.0,pulseB,47000.0,StimulusA,A,251,3409.200006097555,49915.50069909543,46915.50069909543
1,Neocortex K.16Mar16,S1.E10,50000,Ml297+CCh,784.0625,848.625,"DAC0: PulseB 300 [1000,3000];",/Volumes/Assets/Edward/Data/Traces/2016/03.March/Data 16 Mar 2016/Neocortex K.16Mar16.S1.E10.dat,1,False,,,,1000.0,3000.0,300.0,pulseB,47000.0,StimulusA,A,321,3446.4000066518784,49919.90069916099,46919.90069916099
1,Neocortex K.25Feb16,S1.E28,50000,,1739.3671875,1800.90234375,"DAC0: PulseB 200 [1000,3000];",/Volumes/Assets/Edward/Data/Traces/2016/02.February/Data 25 Feb 2016/Neocortex K.25Feb16.S1.E28.dat,1,False,,,,1000.0,3000.0,200.0,pulseB,47000.0,StimulusA,A,354,3346.200005158782,49983.90070011467,46983.90070011467
1,Neocortex K.25Feb16,S1.E29,50000,,1916.48828125,1978.0234375,"DAC0: PulseB 200 [1000,3000];",/Volumes/Assets/Edward/Data/Traces/2016/02.February/Data 25 Feb 2016/Neocortex K.25Feb16.S1.E29.dat,1,False,,,,1000.0,3000.0,200.0,pulseB,47000.0,StimulusA,A,337,3409.100006096065,49885.80069865286,46885.80069865286
1,Neocortex K.29Feb16,S1.E10,50000,,462.5546875,675.65625,"DAC0: PulseB 200 [1000,3000];",/Volumes/Assets/Edward/Data/Traces/2016/02.February/Data 29 Feb 2016/Neocortex K.29Feb16.S1.E10.dat,1,False,,,,1000.0,3000.0,200.0,pulseB,47000.0,StimulusA,A,234,3605.1000090166926,49996.30070029944,46996.30070029944
1,Neocortex K.29Feb16,S1.E13,50000,,928.6484375,1141.75,"DAC0: PulseB 200 [1000,3000];",/Volumes/Assets/Edward/Data/Traces/2016/02.February/Data 29 Feb 2016/Neocortex K.29Feb16.S1.E13.dat,1,False,,,,1000.0,3000.0,200.0,pulseB,47000.0,StimulusA,A,276,3378.4000056385994,49988.00070017576,46988.00070017576
1,Neocortex K.29Feb16,S1.E15,50000,,1261.796875,1474.8984375,"DAC0: PulseB 200 [1000,3000];",/Volumes/Assets/Edward/Data/Traces/2016/02.February/Data 29 Feb 2016/Neocortex K.29Feb16.S1.E15.dat,1,False,,,,1000.0,3000.0,200.0,pulseB,47000.0,StimulusA,A,323,3329.900004915893,49882.70069860667,46882.70069860667
1,Neocortex K.29Feb16,S1.E16,50000,,1393.5625,1606.6640625,"DAC0: PulseB 200 [1000,3000];",/Volumes/Assets/Edward/Data/Traces/2016/02.February/Data 29 Feb 2016/Neocortex K.29Feb16.S1.E16.dat,1,False,,,,1000.0,3000.0,200.0,pulseB,47000.0,StimulusA,A,246,3562.400008380413,49900.6006988734,46900.6006988734
1,Neocortex K.29Feb16,S1.E17,50000,,1534.6484375,1747.75,"DAC0: PulseB 200 [1000,3000];",/Volumes/Assets/Edward/Data/Traces/2016/02.February/Data 29 Feb 2016/Neocortex K.29Feb16.S1.E17.dat,1,False,,,,1000.0,3000.0,200.0,pulseB,47000.0,StimulusA,A,297,3330.4000049233437,49905.000698938966,46905.000698938966
1,Neocortex K.29Feb16,S1.E20,50000,,2091.171875,2304.2734375,"DAC0: PulseB 200 [1000,3000];",/Volumes/Assets/Edward/Data/Traces/2016/02.February/Data 29 Feb 2016/Neocortex K.29Feb16.S1.E20.dat,1,False,,,,1000.0,3000.0,200.0,pulseB,47000.0,StimulusA,A,327,3332.300004951656,49843.800698027015,46843.800698027015
1,Neocortex K.29Feb16,S1.E21,50000,,2235.5546875,2448.65625,"DAC0: PulseB 200 [1000,3000];",/Volumes/Assets/Edward/Data/Traces/2016/02.February/Data 29 Feb 2016/Neocortex K.29Feb16.S1.E21.dat,1,False,,,,1000.0,3000.0,200.0,pulseB,47000.0,StimulusA,A,271,3463.500006906688,49892.40069875121,46892.40069875121
1,Neocortex L.15Feb16,S1.E14,50000,,292.80859375,384.171875,"DAC0: PulseB 200 [1000,3000];",/Volumes/Assets/Edward/Data/Traces/2016/02.February/Data 15 Feb 2016/Neocortex L.15Feb16.S1.E14.dat,1,False,,,,1000.0,3000.0,200.0,pulseB,47000.0,StimulusA,A,166,3653.3000097349286,49839.70069796592,46839.70069796592
1,Neocortex L.20Aug18,S1.E7,50000,2uM CCh + 2/3uM ML297,956.2890625,1073.08984375,"DAC0: PulseA -50 [200,1000];PulseB 200 [2000,4000];",/Volumes/Assets/Edward/Data/Traces/2018/08.August/Data 20 Aug 2018/Neocortex L.20Aug18.S1.E7.dat,1,True,200.0,1000.0,-50.0,2000.0,4000.0,200.0,pulseB,46000.0,StimulusA,A,162,4360.900005377829,49694.50068090111,45694.50068090111
1,Neocortex L.20Aug18,S1.E9,50000,2uM CCh + 2/3uM ML297,1221.80078125,1338.6015625,"DAC0: PulseA -50 [200,1000];PulseB 200 [2000,4000];",/Volumes/Assets/Edward/Data/Traces/2018/08.August/Data 20 Aug 2018/Neocortex L.20Aug18.S1.E9.dat,1,True,200.0,1000.0,-50.0,2000.0,4000.0,200.0,pulseB,46000.0,StimulusA,A,178,4001.3000000193715,49994.40068536997,45994.40068536997
1,Neocortex L.20Aug18,S1.E11,50000,2uM CCh + 2/3uM ML297,1479.3828125,1596.18359375,"DAC0: PulseA -50 [200,1000];PulseB 200 [2000,4000];",/Volumes/Assets/Edward/Data/Traces/2018/08.August/Data 20 Aug 2018/Neocortex L.20Aug18.S1.E11.dat,1,True,200.0,1000.0,-50.0,2000.0,4000.0,200.0,pulseB,46000.0,StimulusA,A,193,4315.800004705787,49983.600685209036,45983.600685209036
1,Neocortex L.23Sep15,S1.E19,40000,ML297+CCh,2442.4453125,2583.03125,"DAC0: PulseB 250 [1000,3000];",/Volumes/Assets/Edward/Data/Traces/2015/09.September/Data 23 Sep 2015/Neocortex L.23Sep15.S1.E19.dat,1,False,,,,1000.0,3000.0,250.0,pulseB,37000.0,StimulusA,A,202,3432.0000064373016,39975.600550979376,36975.600550979376
1,Neocortex L.23Sep15,S1.E21,40000,ML297+CCh,2746.9375,2887.5234375,"DAC0: PulseB 250 [1000,3000];",/Volumes/Assets/Edward/Data/Traces/2015/09.September/Data 23 Sep 2015/Neocortex L.23Sep15.S1.E21.dat,1,False,,,,1000.0,3000.0,250.0,pulseB,37000.0,StimulusA,A,105,3637.6000095009804,39995.00055126846,36995.00055126846
1,Neocortex L.23Sep15,S1.E23,40000,ML297+CCh,3105.390625,3245.9765625,"DAC0: PulseB 250 [1000,3000];",/Volumes/Assets/Edward/Data/Traces/2015/09.September/Data 23 Sep 2015/Neocortex L.23Sep15.S1.E23.dat,1,False,,,,1000.0,3000.0,250.0,pulseB,37000.0,StimulusA,A,121,3768.900011457503,39910.40055000782,36910.40055000782
1,Neocortex L.25Feb16,S1.E19,50000,,1153.2890625,1245.3359375,"DAC0: PulseB 200 [1000,3000];",/Volumes/Assets/Edward/Data/Traces/2016/02.February/Data 25 Feb 2016/Neocortex L.25Feb16.S1.E19.dat,1,False,,,,1000.0,3000.0,200.0,pulseB,47000.0,StimulusA,A,238,3417.2000062167645,49925.00069923699,46925.00069923699
1,Neocortex L.25Feb16,S1.E27,50000,,2053.0,2145.046875,"DAC0: PulseB 200 [1000,3000];",/Volumes/Assets/Edward/Data/Traces/2016/02.February/Data 25 Feb 2016/Neocortex L.25Feb16.S1.E27.dat,1,False,,,,1000.0,3000.0,200.0,pulseB,47000.0,StimulusA,A,170,3715.1000106558204,49719.70069617778,46719.70069617778
1,Neocortex L.25Feb16,S1.E35,50000,,2661.8984375,2753.9453125,"DAC0: PulseB 200 [1000,3000];",/Volumes/Assets/Edward/Data/Traces/2016/02.February/Data 25 Feb 2016/Neocortex L.25Feb16.S1.E35.dat,1,False,,,,1000.0,3000.0,200.0,pulseB,47000.0,StimulusA,A,150,4231.70001835376,49945.00069953501,46945.00069953501
1,Neocortex L.25Feb16,S1.E38,50000,,2977.1328125,3069.1796875,"DAC0: PulseB 200 [1000,3000];",/Volumes/Assets/Edward/Data/Traces/2016/02.February/Data 25 Feb 2016/Neocortex L.25Feb16.S1.E38.dat,1,False,,,,1000.0,3000.0,200.0,pulseB,47000.0,StimulusA,A,177,3766.40001142025,49881.30069858581,46881.30069858581
1,Neocortex L.25Mar16,S1.E10,40000,2uM CCh,663.171875,733.45703125,"DAC0: PulseB 300 [1000,3000];",/Volumes/Assets/Edward/Data/Traces/2016/03.March/Data 25 Mar 2016/Neocortex L.25Mar16.S1.E10.dat,1,False,,,,1000.0,3000.0,300.0,pulseB,37000.0,StimulusA,A,259,3251.7000037506223,39931.200550317764,36931.200550317764
1,Neocortex L.25Mar16,S1.E13,40000,2uM CCh,972.34765625,1042.6328125,"DAC0: PulseB 300 [1000,3000];",/Volumes/Assets/Edward/Data/Traces/2016/03.March/Data 25 Mar 2016/Neocortex L.25Mar16.S1.E13.dat,1,False,,,,1000.0,3000.0,300.0,pulseB,37000.0,StimulusA,A,311,3226.400003373623,39912.20055003464,36912.20055003464
1,Neocortex L.25Mar16,S1.E15,40000,2uM CCh,1209.265625,1279.55078125,"DAC0: PulseB 300 [1000,3000];",/Volumes/Assets/Edward/Data/Traces/2016/03.March/Data 25 Mar 2016/Neocortex L.25Mar16.S1.E15.dat,1,False,,,,1000.0,3000.0,300.0,pulseB,37000.0,StimulusA,A,241,3358.100005336106,39972.70055093616,36972.70055093616
1,Neocortex M.16Feb16,S1.E14,50000,,560.01171875,675.66015625,"DAC0: PulseB 200 [1000,3000];",/Volumes/Assets/Edward/Data/Traces/2016/02.February/Data 16 Feb 2016/Neocortex M.16Feb16.S1.E14.dat,1,False,,,,1000.0,3000.0,200.0,pulseB,47000.0,StimulusA,A,316,3244.400003641844,49912.800699055195,46912.800699055195
1,Neocortex M.16Feb16,S1.E17,50000,,928.08203125,1043.73046875,"DAC0: PulseB 200 [1000,3000];",/Volumes/Assets/Edward/Data/Traces/2016/02.February/Data 16 Feb 2016/Neocortex M.16Feb16.S1.E17.dat,1,False,,,,1000.0,3000.0,200.0,pulseB,47000.0,StimulusA,A,278,3259.300003863871,49880.4006985724,46880.4006985724
1,Neocortex M.16Feb16,S1.E23,50000,,1542.5625,1658.2109375,"DAC0: PulseB 200 [1000,3000];",/Volumes/Assets/Edward/Data/Traces/2016/02.February/Data 16 Feb 2016/Neocortex M.16Feb16.S1.E23.dat,1,False,,,,1000.0,3000.0,200.0,pulseB,47000.0,StimulusA,A,340,3196.300002925098,49905.50069894642,46905.50069894642
1,Neocortex M.22Sep16,S1.E7,40000,2uM CCh,395.1640625,451.15234375,"DAC0: PulseB 300 [1000,3000];",/Volumes/Assets/Edward/Data/Traces/2016/09.September/Data 22 Sep 2016/Neocortex M.22Sep16.S1.E7.dat,1,False,,,,1000.0,3000.0,300.0,pulseB,37000.0,StimulusA,A,149,3528.800007879734,39814.90054858476,36814.90054858476
1,Neocortex M.22Sep16,S1.E8,40000,2uM CCh,464.40234375,520.390625,"DAC0: PulseB 300 [1000,3000];PulseC 300 [6000,8000];",/Volumes/Assets/Edward/Data/Traces/2016/09.September/Data 22 Sep 2016/Neocortex M.22Sep16.S1.E8.dat,1,False,,,,1000.0,3000.0,300.0,pulseB,37000.0,StimulusA,A,133,3642.0000095665455,39934.80055037141,36934.80055037141
1,Neocortex M.22Sep16,S1.E9,40000,2uM CCh,547.36328125,603.3515625,"DAC0: PulseB 300 [1000,3000];",/Volumes/Assets/Edward/Data/Traces/2016/09.September/Data 22 Sep 2016/Neocortex M.22Sep16.S1.E9.dat,1,False,,,,1000.0,3000.0,300.0,pulseB,37000.0,StimulusA,A,158,3000.4000000059605,39849.00054909289,36849.00054909289
1,Neocortex M.22Sep16,S1.E10,40000,2uM CCh,618.32421875,674.3125,"DAC0: PulseB 300 [1000,3000];PulseC 300 [6000,8000];",/Volumes/Assets/Edward/Data/Traces/2016/09.September/Data 22 Sep 2016/Neocortex M.22Sep16.S1.E10.dat,1,False,,,,1000.0,3000.0,300.0,pulseB,37000.0,StimulusA,A,135,3589.4000087827444,39760.700547777116,36760.700547777116
1,Neocortex M.22Sep16,S1.E11,40000,2uM CCh,690.17578125,746.1640625,"DAC0: PulseB 300 [1000,3000];",/Volumes/Assets/Edward/Data/Traces/2016/09.September/Data 22 Sep 2016/Neocortex M.22Sep16.S1.E11.dat,1,False,,,,1000.0,3000.0,300.0,pulseB,37000.0,StimulusA,A,118,3573.3000085428357,39965.900550834835,36965.900550834835
1,Neocortex M.22Sep16,S1.E12,40000,2uM CCh,760.8671875,816.85546875,"DAC0: PulseB 300 [1000,3000];PulseC 300 [6000,8000];",/Volumes/Assets/Edward/Data/Traces/2016/09.September/Data 22 Sep 2016/Neocortex M.22Sep16.S1.E12.dat,1,False,,,,1000.0,3000.0,300.0,pulseB,37000.0,StimulusA,A,121,3581.9000086709857,39930.10055030137,36930.10055030137
1,Neocortex N.25Mar16,S1.E11,40000,,472.96875,826.76953125,"DAC0: PulseB 300 [1000,3000];",/Volumes/Assets/Edward/Data/Traces/2016/03.March/Data 25 Mar 2016/Neocortex N.25Mar16.S1.E11.dat,1,False,,,,1000.0,3000.0,300.0,pulseB,37000.0,StimulusA,A,118,3930.7000138685107,24200.300315909088,21200.300315909088
1,Neocortex O.22Sep16,S1.E4,40000,2uM CCh,476.7109375,504.4765625,"DAC0: PulseB 200 [1000,3000];",/Volumes/Assets/Edward/Data/Traces/2016/09.September/Data 22 Sep 2016/Neocortex O.22Sep16.S1.E4.dat,1,False,,,,1000.0,3000.0,200.0,pulseB,37000.0,StimulusA,A,134,3489.5000072941184,39735.20054739714,36735.20054739714
1,Neocortex O.22Sep16,S1.E6,40000,2uM CCh,749.4921875,777.2578125,"DAC0: PulseB 200 [1000,3000];",/Volumes/Assets/Edward/Data/Traces/2016/09.September/Data 22 Sep 2016/Neocortex O.22Sep16.S1.E6.dat,1,False,,,,1000.0,3000.0,200.0,pulseB,37000.0,StimulusA,A,65,3948.5000141337514,39851.50054913014,36851.50054913014
1,Neocortex O.22Sep16,S1.E8,40000,2uM CCh,920.7734375,948.5390625,"DAC0: PulseB 200 [1000,3000];",/Volumes/Assets/Edward/Data/Traces/2016/09.September/Data 22 Sep 2016/Neocortex O.22Sep16.S1.E8.dat,1,False,,,,1000.0,3000.0,200.0,pulseB,37000.0,StimulusA,A,112,3689.0000102669,39770.60054792464,36770.60054792464
1,Neocortex O.25Mar16,S1.E11,40000,,733.5703125,795.2109375,"DAC0: PulseB 300 [1000,3000];",/Volumes/Assets/Edward/Data/Traces/2016/03.March/Data 25 Mar 2016/Neocortex O.25Mar16.S1.E11.dat,1,False,,,,1000.0,3000.0,300.0,pulseB,37000.0,StimulusA,A,139,5980.800044417381,39988.30055116862,36988.30055116862
1,Neocortex O.25Mar16,S1.E12,40000,,854.828125,916.46875,"DAC0: PulseB 300 [1000,3000];",/Volumes/Assets/Edward/Data/Traces/2016/03.March/Data 25 Mar 2016/Neocortex O.25Mar16.S1.E12.dat,1,False,,,,1000.0,3000.0,300.0,pulseB,37000.0,StimulusA,A,156,4594.800023764372,39858.30054923147,36858.30054923147
1,Neocortex O.25Mar16,S1.E17,40000,,1156.69921875,1218.33984375,"DAC0: PulseB 300 [1000,3000];",/Volumes/Assets/Edward/Data/Traces/2016/03.March/Data 25 Mar 2016/Neocortex O.25Mar16.S1.E17.dat,1,False,,,,1000.0,3000.0,300.0,pulseB,37000.0,StimulusA,A,187,4224.600018247962,39925.70055023581,36925.70055023581
1,Neocortex P.25Mar16,S1.E9,40000,,361.890625,403.8984375,"DAC0: PulseB 200 [1000,3000];",/Volumes/Assets/Edward/Data/Traces/2016/03.March/Data 25 Mar 2016/Neocortex P.25Mar16.S1.E9.dat,1,False,,,,1000.0,3000.0,200.0,pulseB,37000.0,StimulusA,A,87,3441.5000065788627,39943.50055050105,36943.50055050105
1,Neocortex P.25Mar16,S1.E10,40000,,492.29296875,534.30078125,"DAC0: PulseB 300 [1000,3000];",/Volumes/Assets/Edward/Data/Traces/2016/03.March/Data 25 Mar 2016/Neocortex P.25Mar16.S1.E10.dat,1,False,,,,1000.0,3000.0,300.0,pulseB,37000.0,StimulusA,A,87,3474.600007072091,39922.500550188124,36922.500550188124
1,Neocortex P.25Mar16,S1.E12,40000,,694.9140625,736.921875,"DAC0: PulseB 300 [1000,3000];",/Volumes/Assets/Edward/Data/Traces/2016/03.March/Data 25 Mar 2016/Neocortex P.25Mar16.S1.E12.dat,1,False,,,,1000.0,3000.0,300.0,pulseB,37000.0,StimulusA,A,75,3583.100008688867,39811.200548529625,36811.200548529625
1,Neocortex P.25Mar16,S1.E13,40000,,809.8203125,851.828125,"DAC0: PulseB 300 [1000,3000];",/Volumes/Assets/Edward/Data/Traces/2016/03.March/Data 25 Mar 2016/Neocortex P.25Mar16.S1.E13.dat,1,False,,,,1000.0,3000.0,300.0,pulseB,37000.0,StimulusA,A,91,3394.2000058740377,39771.20054793358,36771.20054793358
1,Neocortex Q.16Feb16,S1.E13,50000,,323.4375,411.3359375,"DAC0: PulseB 200 [1000,3000];",/Volumes/Assets/Edward/Data/Traces/2016/02.February/Data 16 Feb 2016/Neocortex Q.16Feb16.S1.E13.dat,1,False,,,,1000.0,3000.0,200.0,pulseB,47000.0,StimulusA,A,222,3000.800000011921,49934.70069938153,46934.70069938153
1,Neocortex Q.16Feb16,S1.E15,50000,,524.6328125,612.53125,"DAC0: PulseB 200 [1000,3000];",/Volumes/Assets/Edward/Data/Traces/2016/02.February/Data 16 Feb 2016/Neocortex Q.16Feb16.S1.E15.dat,1,False,,,,1000.0,3000.0,200.0,pulseB,47000.0,StimulusA,A,323,3237.000003531575,49362.900690861046,46362.900690861046
1,Neocortex Q.16Feb16,S1.E16,50000,,855.703125,943.6015625,"DAC0: PulseB 200 [1000,3000];",/Volumes/Assets/Edward/Data/Traces/2016/02.February/Data 16 Feb 2016/Neocortex Q.16Feb16.S1.E16.dat,1,False,,,,1000.0,3000.0,200.0,pulseB,47000.0,StimulusA,A,337,3001.1000000163913,49915.10069908947,46915.10069908947
1,Neocortex Q.16Feb16,S1.E17,50000,,986.1796875,1074.078125,"DAC0: PulseB 200 [1000,3000];",/Volumes/Assets/Edward/Data/Traces/2016/02.February/Data 16 Feb 2016/Neocortex Q.16Feb16.S1.E17.dat,1,False,,,,1000.0,3000.0,200.0,pulseB,47000.0,StimulusA,A,232,3351.8000052422285,49990.100700207055,46990.100700207055
1,Neocortex Q.16Feb16,S1.E23,50000,,1562.03125,1649.9296875,"DAC0: PulseB 200 [1000,3000];",/Volumes/Assets/Edward/Data/Traces/2016/02.February/Data 16 Feb 2016/Neocortex Q.16Feb16.S1.E23.dat,1,False,,,,1000.0,3000.0,200.0,pulseB,47000.0,StimulusA,A,308,3307.0000045746565,49940.80069947243,46940.80069947243
1,Neocortex Q.16Feb16,S1.E25,50000,,1841.4921875,1929.390625,"DAC0: PulseB 200 [1000,3000];",/Volumes/Assets/Edward/Data/Traces/2016/02.February/Data 16 Feb 2016/Neocortex Q.16Feb16.S1.E25.dat,1,False,,,,1000.0,3000.0,200.0,pulseB,47000.0,StimulusA,A,300,3280.5000041797757,49884.20069862902,46884.20069862902
1,Neocortex Q.16Feb16,S1.E26,50000,,1941.0078125,2028.90625,"DAC0: PulseB 400 [1000,3000];",/Volumes/Assets/Edward/Data/Traces/2016/02.February/Data 16 Feb 2016/Neocortex Q.16Feb16.S1.E26.dat,1,False,,,,1000.0,3000.0,400.0,pulseB,47000.0,StimulusA,A,211,3492.600007340312,49853.90069817752,46853.90069817752
1,Neocortex Q.16Feb16,S1.E27,50000,,2054.609375,2142.5078125,"DAC0: PulseB 400 [1000,3000];",/Volumes/Assets/Edward/Data/Traces/2016/02.February/Data 16 Feb 2016/Neocortex Q.16Feb16.S1.E27.dat,1,False,,,,1000.0,3000.0,400.0,pulseB,47000.0,StimulusA,A,338,3395.9000058993697,49899.20069885254,46899.20069885254
1,Neocortex R.25Mar16,S1.E11,40000,ML297+CCh,610.00390625,715.53125,"DAC0: PulseB 300 [1000,3000];",/Volumes/Assets/Edward/Data/Traces/2016/03.March/Data 25 Mar 2016/Neocortex R.25Mar16.S1.E11.dat,1,False,,,,1000.0,3000.0,300.0,pulseB,37000.0,StimulusA,A,160,4036.3000154420733,39923.400550201535,36923.400550201535
1,Neocortex R.25Mar16,S1.E13,40000,ML297+CCh,785.80859375,891.3359375,"DAC0: PulseB 300 [1000,3000];",/Volumes/Assets/Edward/Data/Traces/2016/03.March/Data 25 Mar 2016/Neocortex R.25Mar16.S1.E13.dat,1,False,,,,1000.0,3000.0,300.0,pulseB,37000.0,StimulusA,A,181,4318.600019648671,39881.300549574196,36881.300549574196
1,Neocortex R.25Mar16,S1.E15,40000,ML297+CCh,936.12109375,1041.6484375,"DAC0: PulseB 300 [1000,3000];",/Volumes/Assets/Edward/Data/Traces/2016/03.March/Data 25 Mar 2016/Neocortex R.25Mar16.S1.E15.dat,1,False,,,,1000.0,3000.0,300.0,pulseB,37000.0,StimulusA,A,203,3843.200012564659,39933.20055034757,36933.20055034757
